enrollment_id,student_id,class_id,teacher_id,subject_id,score
E1,S3001,C111,T125,SUB3,72.9
E2,S3001,C111,T117,SUB5,77.5
E3,S3001,C111,T108,SUB7,94.4
E4,S3001,C111,T122,SUB8,55.2
E5,S3001,C111,T125,SUB1,91.1
E6,S3002,C111,T103,SUB7,60.5
E7,S3002,C111,T102,SUB8,69.7
E8,S3002,C111,T105,SUB1,65.8
E9,S3002,C111,T107,SUB5,70.0
E10,S3002,C111,T119,SUB6,57.5
E11,S3003,C102,T112,SUB1,75.2
E12,S3003,C102,T111,SUB6,90.1
E13,S3003,C102,T122,SUB3,72.1
E14,S3003,C102,T110,SUB2,74.5
E15,S3003,C102,T118,SUB8,92.4
E16,S3004,C111,T117,SUB5,85.3
E17,S3004,C111,T119,SUB6,74.5
E18,S3004,C111,T103,SUB7,ninety
E19,S3004,C111,T112,SUB1,94.2
E20,S3004,C111,T122,SUB4,78.9
E21,S3005,C101,T115,SUB6,61.1
E22,S3005,C101,T103,SUB7,63.5
E23,S3005,C101,T101,SUB5,90.2
E24,S3005,C101,T106,SUB8,52.2
E25,S3005,C101,T102,SUB2,99.6
E26,S3006,C103,T103,SUB7,56.5
E27,S3006,C103,T109,SUB3,ninety
E28,S3006,C103,T117,SUB5,69.7
E29,S3006,C103,T105,SUB8,N/A
E30,S3006,C103,T113,SUB2,94.0
E31,S3007,C106,T101,SUB5,70.6
E32,S3007,C106,T120,SUB4,76.9
E33,S3007,C106,T106,SUB8,52.5
E34,S3007,C106,T115,SUB6,50.1
E35,S3007,C106,T118,SUB3,62.2
E36,S3008,C106,T119,SUB6,84.0
E37,S3008,C106,T118,SUB2,56.1
E38,S3008,C106,T108,SUB7,55.7
E39,S3008,C106,T121,SUB3,ninety
E40,S3008,C106,T114,SUB5,82.4
E41,S3009,C107,T104,SUB4,85.6
E42,S3009,C107,T125,SUB1,58.9
E43,S3009,C107,T111,SUB6,54.0
E44,S3009,C107,T125,SUB3,97.0
E45,S3009,C107,T117,SUB8,63.0
E46,S3010,C106,T125,SUB1,92.7
E47,S3010,C106,T104,SUB3,93.2
E48,S3010,C106,T111,SUB6,88.6
E49,S3010,C106,T110,SUB2,58.4
E50,S3010,C106,T103,SUB7,91.1
E51,S3011,C108,T108,SUB7,88.5
E52,S3011,C108,T103,SUB8,79.8
E53,S3011,C108,T105,SUB1,ninety
E54,S3011,C108,T121,SUB2,63.1
E55,S3011,C108,T104,SUB4,56.1
E56,S3012,C104,T119,SUB3,75.5
E57,S3012,C104,T106,SUB7,79.3
E58,S3012,C104,T115,SUB8,68.0
E59,S3012,C104,T117,SUB5,73.8
E60,S3012,C104,T112,SUB1,68.2
E61,S3013,C112,T125,SUB1,82.1
E62,S3013,C112,T111,SUB6,95.1
E63,S3013,C112,T108,SUB7,58.2
E64,S3013,C112,T114,SUB5,69.1
E65,S3013,C112,T110,SUB8,57.0
E66,S3014,C107,T106,SUB8,81.2
E67,S3014,C107,T109,SUB4,86.4
E68,S3014,C107,T108,SUB7,96.6
E69,S3014,C107,T125,SUB1,63.9
E70,S3014,C107,T119,SUB6,97.5
E71,S3015,C109,T105,SUB1,ninety
E72,S3015,C109,T123,SUB5,80.2
E73,S3015,C109,T108,SUB7,52.9
E74,S3015,C109,T113,SUB2,94.7
E75,S3015,C109,T124,SUB8,76.5
E76,S3016,C109,T115,SUB6,83.5
E77,S3016,C109,T118,SUB2,91.6
E78,S3016,C109,T109,SUB4,57.5
E79,S3016,C109,T123,SUB5,51.9
E80,S3016,C109,T108,SUB7,93.9
E81,S3017,C105,T102,SUB2,65.7
E82,S3017,C105,T119,SUB3,56.4
E83,S3017,C105,T119,SUB6,73.4
E84,S3017,C105,T125,SUB1,79.9
E85,S3017,C105,T103,SUB7,51.5
E86,S3018,C106,T113,SUB2,63.7
E87,S3018,C106,T110,SUB8,51.6
E88,S3018,C106,T105,SUB3,71.0
E89,S3018,C106,T120,SUB4,94.8
E90,S3018,C106,T117,SUB5,99.1
E91,S3019,C105,T119,SUB6,81.9
E92,S3019,C105,T121,SUB2,58.1
E93,S3019,C105,T106,SUB7,95.3
E94,S3019,C105,T120,SUB4,75.8
E95,S3019,C105,T116,SUB3,57.7
E96,S3020,C105,T105,SUB3,96.1
E97,S3020,C105,T115,SUB6,87.9
E98,S3020,C105,T101,SUB5,86.6
E99,S3020,C105,T105,SUB1,85.5
E100,S3020,C105,T121,SUB8,N/A
E101,S3021,C101,T108,SUB7,60.6
E102,S3021,C101,T118,SUB8,84.4
E103,S3021,C101,T107,SUB5,61.0
E104,S3021,C101,T110,SUB2,71.9
E105,S3021,C101,T125,SUB1,89.1
E106,S3022,C102,T117,SUB5,89.2
E107,S3022,C102,T102,SUB2,72.7
E108,S3022,C102,T109,SUB4,89.6
E109,S3022,C102,T105,SUB8,91.9
E110,S3022,C102,T105,SUB1,82.7
E111,S3023,C107,T102,SUB3,61.4
E112,S3023,C107,T124,SUB6,63.7
E113,S3023,C107,T106,SUB7,65.7
E114,S3023,C107,T104,SUB4,55.8
E115,S3023,C107,T117,SUB8,63.7
E116,S3024,C110,T111,SUB6,60.5
E117,S3024,C110,T120,SUB4,72.8
E118,S3024,C110,T108,SUB7,95.4
E119,S3024,C110,T109,SUB8,55.2
E120,S3024,C110,T112,SUB1,86.0
E121,S3025,C102,T119,SUB3,84.4
E122,S3025,C102,T104,SUB4,54.8
E123,S3025,C102,T124,SUB6,96.1
E124,S3025,C102,T103,SUB7,78.4
E125,S3025,C102,T112,SUB8,68.2
E126,S3026,C101,T115,SUB6,87.8
E127,S3026,C101,T109,SUB4,62.9
E128,S3026,C101,T108,SUB7,84.7
E129,S3026,C101,T107,SUB5,52.0
E130,S3026,C101,T112,SUB1,92.0
E131,S3027,C109,T121,SUB2,72.4
E132,S3027,C109,T124,SUB6,81.8
E133,S3027,C109,T119,SUB8,61.1
E134,S3027,C109,T122,SUB4,ninety
E135,S3027,C109,T102,SUB3,88.6
E136,S3028,C105,T119,SUB3,73.7
E137,S3028,C105,T110,SUB2,80.9
E138,S3028,C105,T115,SUB6,72.8
E139,S3028,C105,T117,SUB5,94.7
E140,S3028,C105,T125,SUB1,74.9
E141,S3029,C109,T117,SUB5,92.1
E142,S3029,C109,T112,SUB1,90.1
E143,S3029,C109,T118,SUB2,70.5
E144,S3029,C109,T109,SUB4,61.5
E145,S3029,C109,T117,SUB8,70.3
E146,S3030,C108,T115,SUB6,91.3
E147,S3030,C108,T109,SUB4,61.4
E148,S3030,C108,T107,SUB5,76.2
E149,S3030,C108,T117,SUB8,90.3
E150,S3030,C108,T105,SUB1,67.7
E151,S3031,C108,T118,SUB3,82.1
E152,S3031,C108,T104,SUB4,62.3
E153,S3031,C108,T107,SUB5,55.5
E154,S3031,C108,T111,SUB6,89.7
E155,S3031,C108,T125,SUB1,54.9
E156,S3032,C110,T103,SUB7,63.6
E157,S3032,C110,T116,SUB3,92.8
E158,S3032,C110,T112,SUB1,67.3
E159,S3032,C110,T123,SUB5,98.7
E160,S3032,C110,T109,SUB4,99.0
E161,S3033,C108,T120,SUB4,63.4
E162,S3033,C108,T108,SUB7,52.0
E163,S3033,C108,T105,SUB1,85.3
E164,S3033,C108,T104,SUB3,72.5
E165,S3033,C108,T113,SUB8,55.0
E166,S3034,C101,T124,SUB6,85.4
E167,S3034,C101,T120,SUB4,51.6
E168,S3034,C101,T118,SUB3,93.5
E169,S3034,C101,T112,SUB1,56.9
E170,S3034,C101,T121,SUB2,56.4
E171,S3035,C109,T109,SUB4,58.8
E172,S3035,C109,T118,SUB8,98.0
E173,S3035,C109,T114,SUB5,84.7
E174,S3035,C109,T124,SUB6,90.1
E175,S3035,C109,T108,SUB7,69.9
E176,S3036,C106,T109,SUB4,66.8
E177,S3036,C106,T111,SUB8,61.7
E178,S3036,C106,T111,SUB6,74.0
E179,S3036,C106,T121,SUB2,ninety
E180,S3036,C106,T105,SUB1,81.6
E181,S3037,C112,T109,SUB8,62.9
E182,S3037,C112,T101,SUB5,97.4
E183,S3037,C112,T122,SUB4,58.5
E184,S3037,C112,T112,SUB1,98.3
E185,S3037,C112,T108,SUB7,50.7
E186,S3038,C107,T105,SUB1,74.1
E187,S3038,C107,T108,SUB7,66.7
E188,S3038,C107,T118,SUB2,72.5
E189,S3038,C107,T104,SUB4,78.5
E190,S3038,C107,T123,SUB5,71.8
E191,S3039,C111,T109,SUB4,70.7
E192,S3039,C111,T107,SUB5,86.6
E193,S3039,C111,T113,SUB2,84.3
E194,S3039,C111,T112,SUB1,91.7
E195,S3039,C111,T113,SUB3,62.5
E196,S3040,C102,T125,SUB1,80.5
E197,S3040,C102,T119,SUB6,79.3
E198,S3040,C102,T106,SUB7,68.5
E199,S3040,C102,T107,SUB8,74.3
E200,S3040,C102,T117,SUB5,65.7
E201,S3041,C102,T123,SUB5,57.1
E202,S3041,C102,T113,SUB2,60.7
E203,S3041,C102,T104,SUB4,55.3
E204,S3041,C102,T109,SUB8,84.2
E205,S3041,C102,T125,SUB1,83.0
E206,S3042,C108,T125,SUB8,97.5
E207,S3042,C108,T122,SUB4,86.5
E208,S3042,C108,T123,SUB5,52.6
E209,S3042,C108,T106,SUB7,94.2
E210,S3042,C108,T102,SUB2,93.1
E211,S3043,C103,T122,SUB4,72.2
E212,S3043,C103,T111,SUB6,79.3
E213,S3043,C103,T106,SUB7,98.8
E214,S3043,C103,T102,SUB2,76.6
E215,S3043,C103,T124,SUB3,95.3
E216,S3044,C109,T113,SUB2,54.2
E217,S3044,C109,T123,SUB5,59.6
E218,S3044,C109,T124,SUB8,72.0
E219,S3044,C109,T109,SUB4,79.2
E220,S3044,C109,T107,SUB3,90.8
E221,S3045,C104,T109,SUB4,99.4
E222,S3045,C104,T108,SUB7,69.4
E223,S3045,C104,T125,SUB3,52.4
E224,S3045,C104,T102,SUB2,90.1
E225,S3045,C104,T117,SUB5,80.2
E226,S3046,C102,T112,SUB1,59.9
E227,S3046,C102,T108,SUB7,74.7
E228,S3046,C102,T122,SUB4,87.1
E229,S3046,C102,T125,SUB3,88.5
E230,S3046,C102,T114,SUB5,75.0
E231,S3047,C101,T118,SUB3,N/A
E232,S3047,C101,T112,SUB1,98.7
E233,S3047,C101,T107,SUB5,83.2
E234,S3047,C101,T104,SUB4,70.4
E235,S3047,C101,T124,SUB6,64.0
E236,S3048,C109,T125,SUB1,86.6
E237,S3048,C109,T112,SUB8,62.1
E238,S3048,C109,T119,SUB6,58.6
E239,S3048,C109,T113,SUB2,76.5
E240,S3048,C109,T122,SUB4,64.5
E241,S3049,C112,T115,SUB6,81.4
E242,S3049,C112,T125,SUB3,55.9
E243,S3049,C112,T116,SUB2,82.7
E244,S3049,C112,T109,SUB4,64.2
E245,S3049,C112,T123,SUB5,50.0
E246,S3050,C107,T116,SUB2,56.3
E247,S3050,C107,T115,SUB6,96.7
E248,S3050,C107,T101,SUB3,93.4
E249,S3050,C107,T116,SUB8,61.7
E250,S3050,C107,T120,SUB4,88.9
E251,S3051,C104,T117,SUB5,80.4
E252,S3051,C104,T106,SUB3,98.5
E253,S3051,C104,T109,SUB8,68.7
E254,S3051,C104,T111,SUB6,84.1
E255,S3051,C104,T112,SUB1,53.2
E256,S3052,C108,T111,SUB6,69.8
E257,S3052,C108,T114,SUB5,98.2
E258,S3052,C108,T108,SUB7,76.9
E259,S3052,C108,T119,SUB3,64.4
E260,S3052,C108,T118,SUB8,56.0
E261,S3053,C102,T117,SUB5,85.2
E262,S3053,C102,T113,SUB3,82.2
E263,S3053,C102,T106,SUB7,68.7
E264,S3053,C102,T105,SUB8,97.5
E265,S3053,C102,T120,SUB4,51.1
E266,S3054,C106,T106,SUB7,65.2
E267,S3054,C106,T111,SUB8,96.1
E268,S3054,C106,T125,SUB1,66.0
E269,S3054,C106,T124,SUB6,62.6
E270,S3054,C106,T116,SUB2,76.7
E271,S3055,C105,T124,SUB6,91.2
E272,S3055,C105,T101,SUB8,55.2
E273,S3055,C105,T107,SUB5,97.2
E274,S3055,C105,T108,SUB7,89.8
E275,S3055,C105,T104,SUB4,59.1
E276,S3056,C101,T108,SUB7,85.6
E277,S3056,C101,T112,SUB1,69.2
E278,S3056,C101,T103,SUB8,70.1
E279,S3056,C101,T115,SUB6,89.2
E280,S3056,C101,T122,SUB4,98.1
E281,S3057,C105,T109,SUB4,56.3
E282,S3057,C105,T115,SUB6,ninety
E283,S3057,C105,T122,SUB3,74.0
E284,S3057,C105,T111,SUB8,68.8
E285,S3057,C105,T116,SUB2,68.2
E286,S3058,C103,T123,SUB5,52.6
E287,S3058,C103,T121,SUB8,84.3
E288,S3058,C103,T122,SUB4,71.8
E289,S3058,C103,T121,SUB2,59.7
E290,S3058,C103,T106,SUB7,90.8
E291,S3059,C102,T120,SUB4,90.1
E292,S3059,C102,T103,SUB7,74.3
E293,S3059,C102,T105,SUB1,64.9
E294,S3059,C102,T125,SUB8,81.9
E295,S3059,C102,T112,SUB3,64.4
E296,S3060,C108,T105,SUB1,61.8
E297,S3060,C108,T119,SUB6,86.5
E298,S3060,C108,T104,SUB4,52.0
E299,S3060,C108,T103,SUB7,54.7
E300,S3060,C108,T118,SUB3,50.3
E301,S3061,C102,T109,SUB4,57.6
E302,S3061,C102,T116,SUB2,53.4
E303,S3061,C102,T119,SUB6,99.8
E304,S3061,C102,T124,SUB8,64.4
E305,S3061,C102,T114,SUB5,57.5
E306,S3062,C101,T121,SUB2,62.0
E307,S3062,C101,T115,SUB8,96.8
E308,S3062,C101,T108,SUB7,76.0
E309,S3062,C101,T111,SUB3,ninety
E310,S3062,C101,T105,SUB1,93.7
E311,S3063,C107,T105,SUB1,69.7
E312,S3063,C107,T121,SUB2,ninety
E313,S3063,C107,T103,SUB8,60.4
E314,S3063,C107,T116,SUB3,68.9
E315,S3063,C107,T117,SUB5,65.8
E316,S3064,C105,T103,SUB8,83.9
E317,S3064,C105,T105,SUB3,64.5
E318,S3064,C105,T122,SUB4,78.9
E319,S3064,C105,T112,SUB1,53.3
E320,S3064,C105,T106,SUB7,59.6
E321,S3065,C109,T112,SUB1,70.4
E322,S3065,C109,T102,SUB8,96.8
E323,S3065,C109,T111,SUB6,68.9
E324,S3065,C109,T110,SUB2,83.2
E325,S3065,C109,T120,SUB4,62.8
E326,S3066,C112,T109,SUB3,56.4
E327,S3066,C112,T119,SUB6,52.9
E328,S3066,C112,T103,SUB7,65.3
E329,S3066,C112,T105,SUB1,57.9
E330,S3066,C112,T107,SUB5,58.7
E331,S3067,C101,T124,SUB6,88.0
E332,S3067,C101,T105,SUB1,50.8
E333,S3067,C101,T118,SUB2,77.9
E334,S3067,C101,T116,SUB3,69.0
E335,S3067,C101,T103,SUB7,75.3
E336,S3068,C105,T121,SUB2,78.1
E337,S3068,C105,T125,SUB8,65.7
E338,S3068,C105,T103,SUB7,64.8
E339,S3068,C105,T109,SUB4,86.7
E340,S3068,C105,T105,SUB1,93.6
E341,S3069,C102,T109,SUB4,ninety
E342,S3069,C102,T113,SUB3,54.9
E343,S3069,C102,T107,SUB5,94.9
E344,S3069,C102,T103,SUB7,67.5
E345,S3069,C102,T115,SUB8,77.6
E346,S3070,C109,T111,SUB8,68.0
E347,S3070,C109,T113,SUB2,56.3
E348,S3070,C109,T123,SUB5,79.5
E349,S3070,C109,T108,SUB7,76.3
E350,S3070,C109,T117,SUB3,60.1
E351,S3071,C109,T117,SUB5,ninety
E352,S3071,C109,T108,SUB7,89.8
E353,S3071,C109,T124,SUB3,79.5
E354,S3071,C109,T101,SUB8,54.8
E355,S3071,C109,T119,SUB6,77.4
E356,S3072,C102,T109,SUB4,85.1
E357,S3072,C102,T116,SUB3,89.6
E358,S3072,C102,T115,SUB6,81.5
E359,S3072,C102,T112,SUB1,57.6
E360,S3072,C102,T111,SUB8,85.5
E361,S3073,C105,T110,SUB2,83.9
E362,S3073,C105,T105,SUB1,51.2
E363,S3073,C105,T119,SUB8,70.6
E364,S3073,C105,T124,SUB6,66.6
E365,S3073,C105,T108,SUB7,83.5
E366,S3074,C112,T101,SUB5,60.8
E367,S3074,C112,T105,SUB1,79.5
E368,S3074,C112,T103,SUB3,95.7
E369,S3074,C112,T121,SUB2,89.9
E370,S3074,C112,T108,SUB7,96.1
E371,S3075,C102,T108,SUB7,N/A
E372,S3075,C102,T103,SUB8,50.5
E373,S3075,C102,T103,SUB3,81.1
E374,S3075,C102,T125,SUB1,70.6
E375,S3075,C102,T115,SUB6,93.0
E376,S3076,C102,T122,SUB4,62.6
E377,S3076,C102,T121,SUB2,99.1
E378,S3076,C102,T117,SUB5,80.7
E379,S3076,C102,T106,SUB7,89.7
E380,S3076,C102,T115,SUB6,54.3
E381,S3077,C107,T106,SUB7,59.2
E382,S3077,C107,T123,SUB5,87.9
E383,S3077,C107,T111,SUB3,51.1
E384,S3077,C107,T116,SUB2,90.8
E385,S3077,C107,T122,SUB4,50.7
E386,S3078,C105,T124,SUB6,82.9
E387,S3078,C105,T114,SUB5,68.3
E388,S3078,C105,T116,SUB2,80.6
E389,S3078,C105,T106,SUB7,ninety
E390,S3078,C105,T102,SUB8,67.1
E391,S3079,C111,T112,SUB1,55.4
E392,S3079,C111,T107,SUB5,53.5
E393,S3079,C111,T102,SUB2,79.4
E394,S3079,C111,T123,SUB3,76.0
E395,S3079,C111,T118,SUB8,87.1
E396,S3080,C109,T105,SUB3,75.5
E397,S3080,C109,T112,SUB1,71.1
E398,S3080,C109,T103,SUB7,69.9
E399,S3080,C109,T120,SUB4,51.3
E400,S3080,C109,T113,SUB8,66.8
E401,S3081,C107,T109,SUB4,98.8
E402,S3081,C107,T111,SUB6,93.7
E403,S3081,C107,T112,SUB1,N/A
E404,S3081,C107,T119,SUB3,79.4
E405,S3081,C107,T125,SUB8,92.4
E406,S3082,C109,T115,SUB6,72.1
E407,S3082,C109,T120,SUB3,50.9
E408,S3082,C109,T122,SUB4,53.7
E409,S3082,C109,T117,SUB8,N/A
E410,S3082,C109,T125,SUB1,98.5
E411,S3083,C109,T111,SUB6,84.7
E412,S3083,C109,T117,SUB5,53.5
E413,S3083,C109,T125,SUB8,59.5
E414,S3083,C109,T118,SUB2,88.6
E415,S3083,C109,T106,SUB7,92.1
E416,S3084,C111,T106,SUB7,80.9
E417,S3084,C111,T102,SUB2,82.2
E418,S3084,C111,T109,SUB8,51.4
E419,S3084,C111,T117,SUB3,91.4
E420,S3084,C111,T125,SUB1,89.4
E421,S3085,C107,T113,SUB3,63.0
E422,S3085,C107,T109,SUB4,85.4
E423,S3085,C107,T123,SUB5,60.7
E424,S3085,C107,T102,SUB2,52.0
E425,S3085,C107,T106,SUB7,60.1
E426,S3086,C101,T113,SUB2,58.9
E427,S3086,C101,T112,SUB1,66.9
E428,S3086,C101,T111,SUB6,70.9
E429,S3086,C101,T109,SUB4,75.4
E430,S3086,C101,T123,SUB5,73.8
E431,S3087,C106,T108,SUB8,63.5
E432,S3087,C106,T114,SUB5,51.5
E433,S3087,C106,T121,SUB2,80.3
E434,S3087,C106,T104,SUB4,69.8
E435,S3087,C106,T105,SUB1,64.9
E436,S3088,C107,T123,SUB3,93.3
E437,S3088,C107,T106,SUB7,87.3
E438,S3088,C107,T101,SUB8,92.9
E439,S3088,C107,T125,SUB1,74.7
E440,S3088,C107,T115,SUB6,56.5
E441,S3089,C104,T101,SUB5,84.8
E442,S3089,C104,T122,SUB8,60.3
E443,S3089,C104,T120,SUB4,72.1
E444,S3089,C104,T106,SUB7,53.3
E445,S3089,C104,T121,SUB2,91.3
E446,S3090,C109,T112,SUB1,56.3
E447,S3090,C109,T120,SUB4,95.2
E448,S3090,C109,T111,SUB6,93.2
E449,S3090,C109,T121,SUB8,73.2
E450,S3090,C109,T117,SUB5,87.2
E451,S3091,C107,T110,SUB2,81.0
E452,S3091,C107,T115,SUB3,90.2
E453,S3091,C107,T104,SUB4,N/A
E454,S3091,C107,T123,SUB5,89.3
E455,S3091,C107,T112,SUB1,73.1
E456,S3092,C111,T121,SUB3,97.0
E457,S3092,C111,T125,SUB1,74.3
E458,S3092,C111,T102,SUB8,73.1
E459,S3092,C111,T124,SUB6,89.3
E460,S3092,C111,T101,SUB5,91.1
E461,S3093,C103,T107,SUB5,77.7
E462,S3093,C103,T116,SUB2,59.0
E463,S3093,C103,T108,SUB7,73.4
E464,S3093,C103,T121,SUB3,98.4
E465,S3093,C103,T122,SUB4,87.6
E466,S3094,C107,T115,SUB3,90.6
E467,S3094,C107,T109,SUB4,51.6
E468,S3094,C107,T119,SUB8,73.4
E469,S3094,C107,T107,SUB5,82.3
E470,S3094,C107,T119,SUB6,91.5
E471,S3095,C112,T111,SUB3,52.5
E472,S3095,C112,T104,SUB4,92.6
E473,S3095,C112,T110,SUB2,77.4
E474,S3095,C112,T114,SUB5,59.9
E475,S3095,C112,T124,SUB6,65.9
E476,S3096,C109,T107,SUB5,64.1
E477,S3096,C109,T109,SUB4,ninety
E478,S3096,C109,T119,SUB6,52.6
E479,S3096,C109,T120,SUB3,57.9
E480,S3096,C109,T110,SUB2,90.6
E481,S3097,C107,T125,SUB1,56.6
E482,S3097,C107,T116,SUB3,61.7
E483,S3097,C107,T112,SUB8,72.7
E484,S3097,C107,T122,SUB4,75.9
E485,S3097,C107,T110,SUB2,88.2
E486,S3098,C101,T122,SUB4,72.4
E487,S3098,C101,T125,SUB1,89.5
E488,S3098,C101,T125,SUB8,80.9
E489,S3098,C101,T103,SUB7,55.7
E490,S3098,C101,T115,SUB3,57.8
E491,S3099,C102,T114,SUB8,71.9
E492,S3099,C102,T111,SUB6,69.8
E493,S3099,C102,T113,SUB3,87.2
E494,S3099,C102,T122,SUB4,79.0
E495,S3099,C102,T121,SUB2,69.4
E496,S3100,C106,T105,SUB1,58.5
E497,S3100,C106,T107,SUB5,61.3
E498,S3100,C106,T113,SUB8,78.8
E499,S3100,C106,T104,SUB4,71.2
E500,S3100,C106,T108,SUB7,75.7
E501,S3101,C108,T112,SUB1,58.5
E502,S3101,C108,T113,SUB2,83.1
E503,S3101,C108,T114,SUB3,92.6
E504,S3101,C108,T104,SUB4,62.9
E505,S3101,C108,T107,SUB5,74.6
E506,S3102,C105,T106,SUB8,98.8
E507,S3102,C105,T125,SUB1,66.7
E508,S3102,C105,T124,SUB6,79.8
E509,S3102,C105,T117,SUB5,ninety
E510,S3102,C105,T106,SUB7,80.3
E511,S3103,C103,T109,SUB4,54.5
E512,S3103,C103,T104,SUB8,98.0
E513,S3103,C103,T125,SUB1,85.8
E514,S3103,C103,T112,SUB3,89.4
E515,S3103,C103,T117,SUB5,85.2
E516,S3104,C110,T125,SUB3,79.5
E517,S3104,C110,T120,SUB4,72.5
E518,S3104,C110,T107,SUB5,92.9
E519,S3104,C110,T103,SUB7,97.8
E520,S3104,C110,T125,SUB1,75.0
E521,S3105,C107,T107,SUB5,96.6
E522,S3105,C107,T105,SUB3,79.2
E523,S3105,C107,T111,SUB6,76.9
E524,S3105,C107,T120,SUB4,ninety
E525,S3105,C107,T106,SUB7,60.5
E526,S3106,C111,T125,SUB1,50.2
E527,S3106,C111,T117,SUB5,62.1
E528,S3106,C111,T104,SUB4,75.5
E529,S3106,C111,T102,SUB2,69.0
E530,S3106,C111,T108,SUB7,72.4
E531,S3107,C101,T120,SUB4,N/A
E532,S3107,C101,T105,SUB1,67.5
E533,S3107,C101,T118,SUB2,72.6
E534,S3107,C101,T111,SUB6,N/A
E535,S3107,C101,T106,SUB7,52.4
E536,S3108,C106,T115,SUB3,88.8
E537,S3108,C106,T119,SUB6,78.5
E538,S3108,C106,T103,SUB8,88.0
E539,S3108,C106,T114,SUB5,57.5
E540,S3108,C106,T116,SUB2,78.6
E541,S3109,C107,T106,SUB7,62.7
E542,S3109,C107,T123,SUB8,61.4
E543,S3109,C107,T114,SUB5,50.6
E544,S3109,C107,T125,SUB1,56.5
E545,S3109,C107,T107,SUB3,65.5
E546,S3110,C105,T116,SUB2,55.8
E547,S3110,C105,T123,SUB5,99.3
E548,S3110,C105,T119,SUB6,65.4
E549,S3110,C105,T106,SUB7,56.5
E550,S3110,C105,T125,SUB1,60.0
E551,S3111,C108,T124,SUB6,79.4
E552,S3111,C108,T110,SUB2,53.2
E553,S3111,C108,T107,SUB5,93.1
E554,S3111,C108,T107,SUB8,ninety
E555,S3111,C108,T104,SUB4,62.3
E556,S3112,C107,T116,SUB2,N/A
E557,S3112,C107,T119,SUB6,51.1
E558,S3112,C107,T121,SUB8,82.0
E559,S3112,C107,T107,SUB5,70.7
E560,S3112,C107,T120,SUB4,63.5
E561,S3113,C111,T101,SUB5,60.3
E562,S3113,C111,T111,SUB3,82.7
E563,S3113,C111,T124,SUB8,70.8
E564,S3113,C111,T111,SUB6,59.0
E565,S3113,C111,T103,SUB7,84.5
E566,S3114,C102,T115,SUB6,78.3
E567,S3114,C102,T121,SUB8,92.9
E568,S3114,C102,T120,SUB4,55.9
E569,S3114,C102,T106,SUB7,89.3
E570,S3114,C102,T105,SUB1,83.7
E571,S3115,C112,T107,SUB5,55.8
E572,S3115,C112,T111,SUB8,84.7
E573,S3115,C112,T119,SUB6,72.1
E574,S3115,C112,T105,SUB3,97.2
E575,S3115,C112,T105,SUB1,57.1
E576,S3116,C101,T103,SUB7,82.1
E577,S3116,C101,T119,SUB6,69.1
E578,S3116,C101,T114,SUB5,97.8
E579,S3116,C101,T113,SUB2,66.5
E580,S3116,C101,T122,SUB4,98.1
E581,S3117,C107,T115,SUB6,95.1
E582,S3117,C107,T104,SUB4,63.5
E583,S3117,C107,T103,SUB3,90.2
E584,S3117,C107,T102,SUB2,99.8
E585,S3117,C107,T117,SUB8,62.6
E586,S3118,C112,T119,SUB6,71.8
E587,S3118,C112,T104,SUB4,76.0
E588,S3118,C112,T117,SUB8,64.7
E589,S3118,C112,T107,SUB5,50.8
E590,S3118,C112,T102,SUB3,61.0
E591,S3119,C110,T113,SUB2,64.1
E592,S3119,C110,T105,SUB1,72.2
E593,S3119,C110,T125,SUB3,58.6
E594,S3119,C110,T106,SUB7,ninety
E595,S3119,C110,T114,SUB5,85.2
E596,S3120,C105,T120,SUB4,54.3
E597,S3120,C105,T125,SUB3,82.5
E598,S3120,C105,T102,SUB2,82.7
E599,S3120,C105,T115,SUB6,97.8
E600,S3120,C105,T103,SUB7,50.2
E601,S3121,C109,T113,SUB2,62.4
E602,S3121,C109,T123,SUB8,96.4
E603,S3121,C109,T123,SUB5,96.6
E604,S3121,C109,T103,SUB3,86.0
E605,S3121,C109,T119,SUB6,88.3
E606,S3122,C110,T105,SUB1,54.6
E607,S3122,C110,T102,SUB2,75.7
E608,S3122,C110,T106,SUB8,61.6
E609,S3122,C110,T122,SUB4,59.1
E610,S3122,C110,T119,SUB6,90.5
E611,S3123,C105,T122,SUB4,56.8
E612,S3123,C105,T111,SUB6,73.4
E613,S3123,C105,T108,SUB7,96.9
E614,S3123,C105,T117,SUB5,59.3
E615,S3123,C105,T125,SUB1,98.9
E616,S3124,C101,T120,SUB8,99.7
E617,S3124,C101,T120,SUB4,77.8
E618,S3124,C101,T121,SUB2,58.5
E619,S3124,C101,T119,SUB6,65.8
E620,S3124,C101,T114,SUB5,71.2
E621,S3125,C108,T112,SUB1,65.5
E622,S3125,C108,T106,SUB8,64.0
E623,S3125,C108,T120,SUB4,98.6
E624,S3125,C108,T103,SUB7,57.7
E625,S3125,C108,T113,SUB3,86.7
E626,S3126,C107,T118,SUB2,50.0
E627,S3126,C107,T119,SUB3,79.8
E628,S3126,C107,T123,SUB5,95.8
E629,S3126,C107,T105,SUB1,64.4
E630,S3126,C107,T106,SUB7,59.3
E631,S3127,C111,T122,SUB4,82.6
E632,S3127,C111,T106,SUB7,85.6
E633,S3127,C111,T115,SUB6,84.4
E634,S3127,C111,T101,SUB5,66.0
E635,S3127,C111,T123,SUB8,62.6
E636,S3128,C112,T111,SUB8,97.8
E637,S3128,C112,T112,SUB1,96.2
E638,S3128,C112,T117,SUB5,72.9
E639,S3128,C112,T111,SUB6,92.3
E640,S3128,C112,T122,SUB4,72.6
E641,S3129,C105,T105,SUB1,71.2
E642,S3129,C105,T115,SUB8,57.8
E643,S3129,C105,T116,SUB2,71.3
E644,S3129,C105,T124,SUB6,76.9
E645,S3129,C105,T108,SUB7,51.1
E646,S3130,C105,T114,SUB5,72.2
E647,S3130,C105,T119,SUB8,ninety
E648,S3130,C105,T124,SUB6,84.0
E649,S3130,C105,T110,SUB3,81.8
E650,S3130,C105,T104,SUB4,ninety
E651,S3131,C108,T124,SUB6,50.9
E652,S3131,C108,T112,SUB1,77.9
E653,S3131,C108,T123,SUB3,89.4
E654,S3131,C108,T106,SUB7,77.1
E655,S3131,C108,T110,SUB2,66.2
E656,S3132,C108,T112,SUB8,56.8
E657,S3132,C108,T110,SUB2,94.4
E658,S3132,C108,T108,SUB7,73.5
E659,S3132,C108,T101,SUB5,93.9
E660,S3132,C108,T104,SUB4,79.3
E661,S3133,C106,T105,SUB8,83.7
E662,S3133,C106,T124,SUB6,90.2
E663,S3133,C106,T122,SUB4,83.0
E664,S3133,C106,T116,SUB2,69.9
E665,S3133,C106,T125,SUB1,75.7
E666,S3134,C103,T108,SUB7,ninety
E667,S3134,C103,T116,SUB3,68.7
E668,S3134,C103,T110,SUB2,69.4
E669,S3134,C103,T119,SUB6,54.8
E670,S3134,C103,T120,SUB4,N/A
E671,S3135,C109,T125,SUB1,54.6
E672,S3135,C109,T101,SUB5,82.4
E673,S3135,C109,T120,SUB4,70.7
E674,S3135,C109,T103,SUB3,70.3
E675,S3135,C109,T120,SUB8,84.0
E676,S3136,C101,T120,SUB8,53.4
E677,S3136,C101,T119,SUB6,79.7
E678,S3136,C101,T103,SUB7,88.6
E679,S3136,C101,T125,SUB1,91.4
E680,S3136,C101,T119,SUB3,58.5
E681,S3137,C107,T103,SUB7,94.9
E682,S3137,C107,T120,SUB3,82.8
E683,S3137,C107,T124,SUB8,94.1
E684,S3137,C107,T119,SUB6,74.3
E685,S3137,C107,T116,SUB2,77.1
E686,S3138,C112,T112,SUB1,96.0
E687,S3138,C112,T115,SUB6,95.0
E688,S3138,C112,T109,SUB3,72.4
E689,S3138,C112,T123,SUB5,63.7
E690,S3138,C112,T109,SUB8,ninety
E691,S3139,C108,T121,SUB2,69.4
E692,S3139,C108,T107,SUB5,64.3
E693,S3139,C108,T123,SUB8,63.4
E694,S3139,C108,T103,SUB7,93.1
E695,S3139,C108,T111,SUB6,53.5
E696,S3140,C103,T116,SUB2,83.9
E697,S3140,C103,T108,SUB8,58.6
E698,S3140,C103,T107,SUB5,67.2
E699,S3140,C103,T108,SUB7,53.1
E700,S3140,C103,T104,SUB4,63.5
E701,S3141,C108,T116,SUB2,88.4
E702,S3141,C108,T125,SUB1,94.3
E703,S3141,C108,T118,SUB8,61.1
E704,S3141,C108,T122,SUB4,73.2
E705,S3141,C108,T107,SUB5,73.5
E706,S3142,C101,T108,SUB7,93.7
E707,S3142,C101,T125,SUB1,88.1
E708,S3142,C101,T102,SUB3,75.7
E709,S3142,C101,T120,SUB4,83.5
E710,S3142,C101,T117,SUB5,92.4
E711,S3143,C104,T114,SUB5,50.5
E712,S3143,C104,T113,SUB3,70.1
E713,S3143,C104,T108,SUB7,95.4
E714,S3143,C104,T115,SUB6,87.0
E715,S3143,C104,T125,SUB1,77.1
E716,S3144,C105,T103,SUB3,ninety
E717,S3144,C105,T104,SUB8,67.4
E718,S3144,C105,T117,SUB5,76.0
E719,S3144,C105,T125,SUB1,82.8
E720,S3144,C105,T115,SUB6,N/A
E721,S3145,C103,T121,SUB2,85.7
E722,S3145,C103,T105,SUB1,93.1
E723,S3145,C103,T107,SUB5,57.7
E724,S3145,C103,T125,SUB8,72.6
E725,S3145,C103,T108,SUB7,70.4
E726,S3146,C101,T110,SUB3,84.4
E727,S3146,C101,T105,SUB1,62.5
E728,S3146,C101,T119,SUB6,82.0
E729,S3146,C101,T121,SUB2,93.9
E730,S3146,C101,T125,SUB8,70.9
E731,S3147,C109,T117,SUB5,95.6
E732,S3147,C109,T102,SUB2,99.7
E733,S3147,C109,T112,SUB1,55.3
E734,S3147,C109,T103,SUB3,61.7
E735,S3147,C109,T115,SUB6,97.5
E736,S3148,C109,T118,SUB3,97.9
E737,S3148,C109,T115,SUB6,54.9
E738,S3148,C109,T104,SUB4,50.7
E739,S3148,C109,T125,SUB1,58.1
E740,S3148,C109,T102,SUB2,99.8
E741,S3149,C112,T107,SUB5,59.0
E742,S3149,C112,T103,SUB7,75.1
E743,S3149,C112,T122,SUB4,92.4
E744,S3149,C112,T125,SUB1,51.0
E745,S3149,C112,T124,SUB6,80.2
E746,S3150,C106,T118,SUB8,63.9
E747,S3150,C106,T122,SUB4,93.1
E748,S3150,C106,T106,SUB7,64.2
E749,S3150,C106,T119,SUB6,84.3
E750,S3150,C106,T112,SUB1,83.7
E751,S3151,C112,T116,SUB2,61.1
E752,S3151,C112,T110,SUB3,51.7
E753,S3151,C112,T107,SUB5,70.5
E754,S3151,C112,T106,SUB7,64.5
E755,S3151,C112,T112,SUB1,90.4
E756,S3152,C107,T102,SUB2,90.0
E757,S3152,C107,T124,SUB6,72.9
E758,S3152,C107,T103,SUB7,N/A
E759,S3152,C107,T101,SUB3,80.2
E760,S3152,C107,T109,SUB4,91.4
E761,S3153,C103,T118,SUB2,71.3
E762,S3153,C103,T106,SUB7,63.8
E763,S3153,C103,T101,SUB5,N/A
E764,S3153,C103,T102,SUB3,76.8
E765,S3153,C103,T104,SUB4,72.5
E766,S3154,C104,T109,SUB4,72.0
E767,S3154,C104,T103,SUB7,54.6
E768,S3154,C104,T111,SUB6,85.9
E769,S3154,C104,T117,SUB5,60.7
E770,S3154,C104,T116,SUB8,59.8
E771,S3155,C105,T105,SUB1,70.6
E772,S3155,C105,T113,SUB2,61.4
E773,S3155,C105,T111,SUB6,79.2
E774,S3155,C105,T103,SUB7,68.6
E775,S3155,C105,T103,SUB8,72.4
E776,S3156,C106,T102,SUB2,76.9
E777,S3156,C106,T112,SUB1,60.2
E778,S3156,C106,T122,SUB4,57.8
E779,S3156,C106,T123,SUB5,94.0
E780,S3156,C106,T111,SUB8,71.7
E781,S3157,C108,T120,SUB4,70.6
E782,S3157,C108,T106,SUB7,51.8
E783,S3157,C108,T112,SUB1,74.9
E784,S3157,C108,T114,SUB5,77.7
E785,S3157,C108,T116,SUB2,77.9
E786,S3158,C108,T105,SUB1,ninety
E787,S3158,C108,T116,SUB2,58.9
E788,S3158,C108,T101,SUB8,62.6
E789,S3158,C108,T101,SUB5,90.5
E790,S3158,C108,T120,SUB4,97.4
E791,S3159,C103,T121,SUB8,56.8
E792,S3159,C103,T124,SUB6,74.9
E793,S3159,C103,T110,SUB2,60.7
E794,S3159,C103,T103,SUB7,53.0
E795,S3159,C103,T117,SUB5,66.3
E796,S3160,C109,T102,SUB2,57.2
E797,S3160,C109,T115,SUB6,85.5
E798,S3160,C109,T117,SUB3,76.7
E799,S3160,C109,T108,SUB7,57.2
E800,S3160,C109,T109,SUB4,50.5
E801,S3161,C103,T109,SUB4,90.4
E802,S3161,C103,T116,SUB3,58.8
E803,S3161,C103,T105,SUB1,80.3
E804,S3161,C103,T102,SUB2,66.8
E805,S3161,C103,T119,SUB6,79.3
E806,S3162,C102,T103,SUB7,65.8
E807,S3162,C102,T102,SUB3,54.3
E808,S3162,C102,T106,SUB8,61.1
E809,S3162,C102,T101,SUB5,59.4
E810,S3162,C102,T104,SUB4,71.4
E811,S3163,C103,T122,SUB4,82.9
E812,S3163,C103,T119,SUB6,63.2
E813,S3163,C103,T104,SUB8,50.6
E814,S3163,C103,T101,SUB5,75.9
E815,S3163,C103,T114,SUB3,80.3
E816,S3164,C111,T103,SUB7,98.1
E817,S3164,C111,T110,SUB2,79.5
E818,S3164,C111,T125,SUB1,73.6
E819,S3164,C111,T122,SUB4,78.7
E820,S3164,C111,T117,SUB5,96.4
E821,S3165,C109,T111,SUB6,91.4
E822,S3165,C109,T102,SUB3,66.1
E823,S3165,C109,T102,SUB2,61.9
E824,S3165,C109,T106,SUB7,63.1
E825,S3165,C109,T125,SUB8,75.2
E826,S3166,C110,T123,SUB5,87.2
E827,S3166,C110,T108,SUB8,75.2
E828,S3166,C110,T118,SUB2,53.4
E829,S3166,C110,T103,SUB7,86.2
E830,S3166,C110,T124,SUB6,90.3
E831,S3167,C108,T106,SUB7,64.5
E832,S3167,C108,T115,SUB6,83.2
E833,S3167,C108,T102,SUB2,71.3
E834,S3167,C108,T102,SUB8,N/A
E835,S3167,C108,T116,SUB3,92.3
E836,S3168,C111,T125,SUB1,76.3
E837,S3168,C111,T122,SUB4,84.6
E838,S3168,C111,T101,SUB5,94.2
E839,S3168,C111,T103,SUB7,74.8
E840,S3168,C111,T124,SUB6,65.7
E841,S3169,C107,T101,SUB3,87.7
E842,S3169,C107,T110,SUB8,61.0
E843,S3169,C107,T106,SUB7,69.4
E844,S3169,C107,T121,SUB2,93.3
E845,S3169,C107,T112,SUB1,86.2
E846,S3170,C110,T112,SUB3,70.2
E847,S3170,C110,T108,SUB7,60.7
E848,S3170,C110,T111,SUB6,67.8
E849,S3170,C110,T120,SUB4,64.2
E850,S3170,C110,T113,SUB2,58.8
E851,S3171,C103,T101,SUB5,87.2
E852,S3171,C103,T119,SUB6,62.6
E853,S3171,C103,T102,SUB8,72.7
E854,S3171,C103,T108,SUB7,69.3
E855,S3171,C103,T102,SUB2,99.1
E856,S3172,C108,T119,SUB6,69.6
E857,S3172,C108,T104,SUB4,54.0
E858,S3172,C108,T107,SUB5,54.5
E859,S3172,C108,T112,SUB1,79.5
E860,S3172,C108,T104,SUB3,80.0
E861,S3173,C103,T120,SUB4,70.9
E862,S3173,C103,T108,SUB7,71.6
E863,S3173,C103,T119,SUB6,52.7
E864,S3173,C103,T113,SUB2,75.8
E865,S3173,C103,T116,SUB3,75.2
E866,S3174,C102,T116,SUB2,57.5
E867,S3174,C102,T104,SUB4,55.2
E868,S3174,C102,T124,SUB6,56.2
E869,S3174,C102,T117,SUB5,55.1
E870,S3174,C102,T110,SUB3,80.5
E871,S3175,C109,T121,SUB2,59.8
E872,S3175,C109,T105,SUB1,62.6
E873,S3175,C109,T117,SUB8,58.7
E874,S3175,C109,T101,SUB3,97.9
E875,S3175,C109,T108,SUB7,92.7
E876,S3176,C106,T124,SUB3,61.5
E877,S3176,C106,T120,SUB4,66.4
E878,S3176,C106,T101,SUB8,60.5
E879,S3176,C106,T103,SUB7,74.6
E880,S3176,C106,T123,SUB5,51.0
E881,S3177,C111,T108,SUB7,83.6
E882,S3177,C111,T123,SUB5,76.2
E883,S3177,C111,T115,SUB3,94.9
E884,S3177,C111,T115,SUB6,58.2
E885,S3177,C111,T120,SUB4,90.2
E886,S3178,C110,T101,SUB5,89.6
E887,S3178,C110,T113,SUB2,56.4
E888,S3178,C110,T109,SUB4,69.9
E889,S3178,C110,T106,SUB3,58.5
E890,S3178,C110,T110,SUB8,62.7
E891,S3179,C106,T108,SUB3,63.2
E892,S3179,C106,T106,SUB7,77.8
E893,S3179,C106,T124,SUB6,70.6
E894,S3179,C106,T110,SUB2,97.4
E895,S3179,C106,T101,SUB5,56.3
E896,S3180,C104,T119,SUB6,98.7
E897,S3180,C104,T102,SUB2,61.5
E898,S3180,C104,T116,SUB3,88.6
E899,S3180,C104,T122,SUB4,66.9
E900,S3180,C104,T103,SUB7,ninety
E901,S3181,C104,T119,SUB6,92.9
E902,S3181,C104,T125,SUB8,65.4
E903,S3181,C104,T108,SUB7,82.9
E904,S3181,C104,T119,SUB3,78.3
E905,S3181,C104,T122,SUB4,73.6
E906,S3182,C105,T121,SUB2,74.8
E907,S3182,C105,T119,SUB6,ninety
E908,S3182,C105,T109,SUB4,54.4
E909,S3182,C105,T105,SUB1,83.4
E910,S3182,C105,T120,SUB8,94.8
E911,S3183,C106,T104,SUB4,52.9
E912,S3183,C106,T106,SUB7,57.0
E913,S3183,C106,T103,SUB3,85.8
E914,S3183,C106,T116,SUB2,71.9
E915,S3183,C106,T112,SUB1,70.2
E916,S3184,C101,T125,SUB1,56.8
E917,S3184,C101,T119,SUB6,75.3
E918,S3184,C101,T101,SUB3,56.3
E919,S3184,C101,T120,SUB4,73.8
E920,S3184,C101,T116,SUB2,88.2
E921,S3185,C106,T116,SUB2,62.9
E922,S3185,C106,T124,SUB8,74.0
E923,S3185,C106,T124,SUB6,99.6
E924,S3185,C106,T122,SUB4,84.3
E925,S3185,C106,T123,SUB5,92.1
E926,S3186,C112,T103,SUB3,70.7
E927,S3186,C112,T118,SUB2,88.4
E928,S3186,C112,T103,SUB8,ninety
E929,S3186,C112,T120,SUB4,56.1
E930,S3186,C112,T124,SUB6,60.2
E931,S3187,C105,T118,SUB3,70.1
E932,S3187,C105,T113,SUB2,92.3
E933,S3187,C105,T106,SUB7,67.3
E934,S3187,C105,T122,SUB4,82.7
E935,S3187,C105,T101,SUB8,85.5
E936,S3188,C103,T114,SUB5,79.3
E937,S3188,C103,T124,SUB6,67.9
E938,S3188,C103,T108,SUB7,78.9
E939,S3188,C103,T104,SUB4,67.1
E940,S3188,C103,T112,SUB1,54.2
E941,S3189,C109,T118,SUB2,99.6
E942,S3189,C109,T114,SUB5,56.4
E943,S3189,C109,T124,SUB6,53.6
E944,S3189,C109,T104,SUB3,93.9
E945,S3189,C109,T104,SUB4,65.1
E946,S3190,C101,T115,SUB3,82.5
E947,S3190,C101,T107,SUB5,66.5
E948,S3190,C101,T105,SUB1,69.6
E949,S3190,C101,T116,SUB2,63.1
E950,S3190,C101,T112,SUB8,N/A
E951,S3191,C101,T107,SUB5,70.5
E952,S3191,C101,T120,SUB8,86.0
E953,S3191,C101,T119,SUB6,75.6
E954,S3191,C101,T125,SUB1,97.2
E955,S3191,C101,T113,SUB2,52.1
E956,S3192,C108,T115,SUB6,ninety
E957,S3192,C108,T125,SUB1,79.2
E958,S3192,C108,T117,SUB5,96.0
E959,S3192,C108,T106,SUB8,52.5
E960,S3192,C108,T105,SUB3,78.7
E961,S3193,C108,T122,SUB4,92.7
E962,S3193,C108,T103,SUB7,62.1
E963,S3193,C108,T107,SUB5,93.8
E964,S3193,C108,T124,SUB6,51.0
E965,S3193,C108,T125,SUB1,86.6
E966,S3194,C102,T123,SUB8,96.7
E967,S3194,C102,T101,SUB5,82.9
E968,S3194,C102,T108,SUB7,72.0
E969,S3194,C102,T108,SUB3,52.2
E970,S3194,C102,T110,SUB2,96.0
E971,S3195,C104,T102,SUB2,73.5
E972,S3195,C104,T122,SUB4,N/A
E973,S3195,C104,T111,SUB6,N/A
E974,S3195,C104,T125,SUB1,74.1
E975,S3195,C104,T101,SUB5,56.2
E976,S3196,C111,T101,SUB5,60.7
E977,S3196,C111,T125,SUB1,53.2
E978,S3196,C111,T103,SUB7,78.7
E979,S3196,C111,T112,SUB3,ninety
E980,S3196,C111,T115,SUB6,75.3
E981,S3197,C105,T123,SUB5,90.9
E982,S3197,C105,T120,SUB8,93.1
E983,S3197,C105,T119,SUB3,80.8
E984,S3197,C105,T111,SUB6,50.6
E985,S3197,C105,T121,SUB2,84.8
E986,S3198,C107,T107,SUB5,70.9
E987,S3198,C107,T121,SUB2,78.3
E988,S3198,C107,T123,SUB8,82.5
E989,S3198,C107,T112,SUB1,67.5
E990,S3198,C107,T111,SUB6,95.9
E991,S3199,C107,T124,SUB6,56.7
E992,S3199,C107,T120,SUB4,83.6
E993,S3199,C107,T103,SUB7,50.2
E994,S3199,C107,T116,SUB2,96.2
E995,S3199,C107,T114,SUB5,55.6
E996,S3200,C111,T112,SUB1,54.7
E997,S3200,C111,T120,SUB8,66.7
E998,S3200,C111,T122,SUB3,68.7
E999,S3200,C111,T122,SUB4,60.7
E1000,S3200,C111,T106,SUB7,79.3
E1001,S3201,C107,T103,SUB7,ninety
E1002,S3201,C107,T121,SUB2,51.7
E1003,S3201,C107,T105,SUB1,66.0
E1004,S3201,C107,T104,SUB4,90.5
E1005,S3201,C107,T113,SUB3,84.5
E1006,S3202,C108,T110,SUB2,86.2
E1007,S3202,C108,T124,SUB6,84.9
E1008,S3202,C108,T114,SUB8,65.5
E1009,S3202,C108,T112,SUB1,55.0
E1010,S3202,C108,T125,SUB3,63.6
E1011,S3203,C108,T117,SUB5,91.6
E1012,S3203,C108,T106,SUB7,99.0
E1013,S3203,C108,T119,SUB6,74.7
E1014,S3203,C108,T122,SUB4,50.5
E1015,S3203,C108,T109,SUB3,57.0
E1016,S3204,C101,T104,SUB4,66.1
E1017,S3204,C101,T124,SUB6,78.9
E1018,S3204,C101,T110,SUB2,53.8
E1019,S3204,C101,T125,SUB1,97.2
E1020,S3204,C101,T114,SUB5,68.3
E1021,S3205,C111,T116,SUB2,95.6
E1022,S3205,C111,T108,SUB7,89.0
E1023,S3205,C111,T125,SUB1,87.8
E1024,S3205,C111,T114,SUB5,80.3
E1025,S3205,C111,T104,SUB4,81.3
E1026,S3206,C105,T112,SUB1,81.9
E1027,S3206,C105,T122,SUB4,81.4
E1028,S3206,C105,T102,SUB8,77.7
E1029,S3206,C105,T108,SUB7,99.3
E1030,S3206,C105,T114,SUB5,86.6
E1031,S3207,C106,T123,SUB3,88.8
E1032,S3207,C106,T104,SUB4,93.6
E1033,S3207,C106,T106,SUB7,60.8
E1034,S3207,C106,T121,SUB2,54.2
E1035,S3207,C106,T116,SUB8,74.1
E1036,S3208,C112,T116,SUB3,75.7
E1037,S3208,C112,T117,SUB5,91.5
E1038,S3208,C112,T112,SUB1,72.2
E1039,S3208,C112,T120,SUB4,78.5
E1040,S3208,C112,T101,SUB8,76.4
E1041,S3209,C112,T125,SUB3,51.9
E1042,S3209,C112,T106,SUB7,80.8
E1043,S3209,C112,T114,SUB8,91.4
E1044,S3209,C112,T119,SUB6,57.9
E1045,S3209,C112,T105,SUB1,79.7
E1046,S3210,C110,T104,SUB4,79.7
E1047,S3210,C110,T102,SUB2,58.2
E1048,S3210,C110,T111,SUB6,56.2
E1049,S3210,C110,T102,SUB3,99.0
E1050,S3210,C110,T112,SUB1,69.7
E1051,S3211,C111,T106,SUB7,61.4
E1052,S3211,C111,T113,SUB3,58.6
E1053,S3211,C111,T105,SUB1,83.4
E1054,S3211,C111,T104,SUB4,80.5
E1055,S3211,C111,T115,SUB6,82.2
E1056,S3212,C110,T124,SUB6,54.4
E1057,S3212,C110,T121,SUB2,94.7
E1058,S3212,C110,T101,SUB5,69.5
E1059,S3212,C110,T118,SUB3,65.7
E1060,S3212,C110,T109,SUB8,N/A
E1061,S3213,C104,T108,SUB7,69.5
E1062,S3213,C104,T104,SUB8,93.2
E1063,S3213,C104,T113,SUB2,96.5
E1064,S3213,C104,T123,SUB5,65.2
E1065,S3213,C104,T105,SUB1,93.2
E1066,S3214,C108,T116,SUB2,89.1
E1067,S3214,C108,T119,SUB6,96.5
E1068,S3214,C108,T113,SUB3,62.3
E1069,S3214,C108,T123,SUB5,78.8
E1070,S3214,C108,T108,SUB7,63.7
E1071,S3215,C105,T125,SUB1,91.2
E1072,S3215,C105,T124,SUB6,50.3
E1073,S3215,C105,T108,SUB7,78.2
E1074,S3215,C105,T123,SUB5,67.0
E1075,S3215,C105,T116,SUB2,66.1
E1076,S3216,C102,T105,SUB1,82.2
E1077,S3216,C102,T114,SUB5,92.6
E1078,S3216,C102,T116,SUB2,80.5
E1079,S3216,C102,T103,SUB3,92.7
E1080,S3216,C102,T122,SUB4,63.2
E1081,S3217,C103,T117,SUB5,76.0
E1082,S3217,C103,T115,SUB6,72.5
E1083,S3217,C103,T110,SUB2,50.6
E1084,S3217,C103,T110,SUB3,77.8
E1085,S3217,C103,T108,SUB7,83.1
E1086,S3218,C104,T106,SUB7,79.6
E1087,S3218,C104,T119,SUB6,86.8
E1088,S3218,C104,T112,SUB1,78.6
E1089,S3218,C104,T110,SUB2,53.3
E1090,S3218,C104,T101,SUB5,55.8
E1091,S3219,C110,T111,SUB8,79.8
E1092,S3219,C110,T103,SUB7,63.7
E1093,S3219,C110,T112,SUB1,54.0
E1094,S3219,C110,T111,SUB6,71.5
E1095,S3219,C110,T107,SUB5,77.7
E1096,S3220,C112,T116,SUB2,66.4
E1097,S3220,C112,T107,SUB5,86.0
E1098,S3220,C112,T119,SUB6,82.2
E1099,S3220,C112,T108,SUB7,66.6
E1100,S3220,C112,T124,SUB3,87.7
E1101,S3221,C111,T103,SUB7,82.4
E1102,S3221,C111,T116,SUB2,81.9
E1103,S3221,C111,T119,SUB8,77.7
E1104,S3221,C111,T125,SUB1,50.6
E1105,S3221,C111,T111,SUB6,84.8
E1106,S3222,C102,T103,SUB7,68.8
E1107,S3222,C102,T120,SUB4,97.1
E1108,S3222,C102,T111,SUB6,90.9
E1109,S3222,C102,T118,SUB2,N/A
E1110,S3222,C102,T124,SUB3,62.6
E1111,S3223,C105,T125,SUB1,60.2
E1112,S3223,C105,T119,SUB6,67.0
E1113,S3223,C105,T108,SUB7,73.8
E1114,S3223,C105,T110,SUB2,64.8
E1115,S3223,C105,T113,SUB3,ninety
E1116,S3224,C101,T106,SUB7,58.3
E1117,S3224,C101,T106,SUB3,98.9
E1118,S3224,C101,T121,SUB8,55.4
E1119,S3224,C101,T125,SUB1,96.6
E1120,S3224,C101,T102,SUB2,95.7
E1121,S3225,C104,T113,SUB2,76.3
E1122,S3225,C104,T103,SUB7,86.2
E1123,S3225,C104,T120,SUB4,71.8
E1124,S3225,C104,T119,SUB6,81.5
E1125,S3225,C104,T123,SUB5,67.0
E1126,S3226,C107,T121,SUB8,65.1
E1127,S3226,C107,T115,SUB6,ninety
E1128,S3226,C107,T105,SUB1,74.9
E1129,S3226,C107,T106,SUB7,79.0
E1130,S3226,C107,T102,SUB2,64.3
E1131,S3227,C112,T115,SUB3,68.3
E1132,S3227,C112,T108,SUB7,54.2
E1133,S3227,C112,T107,SUB5,52.6
E1134,S3227,C112,T120,SUB4,62.7
E1135,S3227,C112,T107,SUB8,53.7
E1136,S3228,C102,T111,SUB6,55.2
E1137,S3228,C102,T118,SUB2,90.6
E1138,S3228,C102,T109,SUB4,51.9
E1139,S3228,C102,T115,SUB8,82.9
E1140,S3228,C102,T108,SUB7,63.6
E1141,S3229,C107,T105,SUB1,93.6
E1142,S3229,C107,T120,SUB4,74.2
E1143,S3229,C107,T123,SUB5,65.3
E1144,S3229,C107,T108,SUB7,75.9
E1145,S3229,C107,T125,SUB3,69.1
E1146,S3230,C102,T108,SUB8,78.2
E1147,S3230,C102,T103,SUB7,55.7
E1148,S3230,C102,T119,SUB6,99.8
E1149,S3230,C102,T122,SUB4,71.3
E1150,S3230,C102,T112,SUB1,67.4
E1151,S3231,C108,T109,SUB4,85.5
E1152,S3231,C108,T103,SUB7,ninety
E1153,S3231,C108,T109,SUB3,91.7
E1154,S3231,C108,T116,SUB2,72.7
E1155,S3231,C108,T112,SUB8,86.0
E1156,S3232,C104,T111,SUB8,55.4
E1157,S3232,C104,T112,SUB1,92.3
E1158,S3232,C104,T108,SUB7,86.8
E1159,S3232,C104,T122,SUB4,60.6
E1160,S3232,C104,T113,SUB2,57.3
E1161,S3233,C104,T112,SUB1,65.8
E1162,S3233,C104,T122,SUB8,98.8
E1163,S3233,C104,T120,SUB3,62.8
E1164,S3233,C104,T102,SUB2,ninety
E1165,S3233,C104,T122,SUB4,51.5
E1166,S3234,C103,T108,SUB7,69.9
E1167,S3234,C103,T115,SUB6,78.6
E1168,S3234,C103,T111,SUB3,97.7
E1169,S3234,C103,T110,SUB2,75.8
E1170,S3234,C103,T125,SUB1,91.0
E1171,S3235,C112,T105,SUB3,77.4
E1172,S3235,C112,T109,SUB8,52.0
E1173,S3235,C112,T112,SUB1,65.8
E1174,S3235,C112,T106,SUB7,78.8
E1175,S3235,C112,T119,SUB6,97.5
E1176,S3236,C105,T108,SUB7,93.0
E1177,S3236,C105,T121,SUB2,61.4
E1178,S3236,C105,T115,SUB3,61.0
E1179,S3236,C105,T109,SUB4,60.1
E1180,S3236,C105,T106,SUB8,N/A
E1181,S3237,C108,T101,SUB5,92.6
E1182,S3237,C108,T116,SUB2,N/A
E1183,S3237,C108,T119,SUB6,69.6
E1184,S3237,C108,T122,SUB4,75.2
E1185,S3237,C108,T104,SUB8,73.2
E1186,S3238,C103,T110,SUB3,62.7
E1187,S3238,C103,T105,SUB1,75.3
E1188,S3238,C103,T109,SUB8,51.5
E1189,S3238,C103,T108,SUB7,56.6
E1190,S3238,C103,T118,SUB2,94.3
E1191,S3239,C112,T105,SUB1,87.6
E1192,S3239,C112,T117,SUB5,71.1
E1193,S3239,C112,T106,SUB7,ninety
E1194,S3239,C112,T121,SUB2,68.5
E1195,S3239,C112,T104,SUB4,87.0
E1196,S3240,C108,T102,SUB2,89.2
E1197,S3240,C108,T108,SUB7,88.2
E1198,S3240,C108,T115,SUB3,86.1
E1199,S3240,C108,T109,SUB8,60.2
E1200,S3240,C108,T105,SUB1,66.9
E1201,S3241,C103,T125,SUB1,73.5
E1202,S3241,C103,T115,SUB6,66.5
E1203,S3241,C103,T101,SUB5,87.7
E1204,S3241,C103,T120,SUB4,66.5
E1205,S3241,C103,T102,SUB3,56.9
E1206,S3242,C102,T103,SUB7,70.0
E1207,S3242,C102,T112,SUB1,99.0
E1208,S3242,C102,T109,SUB4,61.3
E1209,S3242,C102,T125,SUB3,80.6
E1210,S3242,C102,T121,SUB2,71.6
E1211,S3243,C106,T124,SUB3,53.6
E1212,S3243,C106,T112,SUB1,74.4
E1213,S3243,C106,T120,SUB8,85.1
E1214,S3243,C106,T104,SUB4,75.7
E1215,S3243,C106,T123,SUB5,93.6
E1216,S3244,C109,T103,SUB8,64.4
E1217,S3244,C109,T120,SUB4,54.3
E1218,S3244,C109,T106,SUB7,96.8
E1219,S3244,C109,T103,SUB3,N/A
E1220,S3244,C109,T119,SUB6,78.8
E1221,S3245,C103,T104,SUB4,89.6
E1222,S3245,C103,T124,SUB6,66.2
E1223,S3245,C103,T106,SUB7,85.8
E1224,S3245,C103,T110,SUB2,56.8
E1225,S3245,C103,T110,SUB8,64.6
E1226,S3246,C102,T103,SUB7,57.2
E1227,S3246,C102,T117,SUB3,90.6
E1228,S3246,C102,T101,SUB5,61.1
E1229,S3246,C102,T125,SUB1,85.9
E1230,S3246,C102,T119,SUB6,97.2
E1231,S3247,C112,T121,SUB2,76.4
E1232,S3247,C112,T103,SUB7,77.0
E1233,S3247,C112,T117,SUB5,N/A
E1234,S3247,C112,T112,SUB1,66.3
E1235,S3247,C112,T119,SUB6,73.8
E1236,S3248,C104,T111,SUB8,80.1
E1237,S3248,C104,T103,SUB7,99.3
E1238,S3248,C104,T111,SUB6,96.9
E1239,S3248,C104,T120,SUB4,93.1
E1240,S3248,C104,T104,SUB3,94.5
E1241,S3249,C107,T105,SUB1,73.4
E1242,S3249,C107,T115,SUB8,82.9
E1243,S3249,C107,T122,SUB4,94.8
E1244,S3249,C107,T108,SUB7,69.6
E1245,S3249,C107,T117,SUB5,98.1
E1246,S3250,C112,T102,SUB2,70.8
E1247,S3250,C112,T123,SUB8,80.1
E1248,S3250,C112,T103,SUB7,85.5
E1249,S3250,C112,T125,SUB1,97.5
E1250,S3250,C112,T115,SUB6,62.2
E1251,S3251,C101,T122,SUB4,87.3
E1252,S3251,C101,T105,SUB1,76.0
E1253,S3251,C101,T105,SUB3,63.4
E1254,S3251,C101,T115,SUB8,88.8
E1255,S3251,C101,T116,SUB2,ninety
E1256,S3252,C107,T119,SUB8,83.0
E1257,S3252,C107,T117,SUB5,66.1
E1258,S3252,C107,T102,SUB2,74.1
E1259,S3252,C107,T124,SUB6,80.9
E1260,S3252,C107,T116,SUB3,70.2
E1261,S3253,C104,T123,SUB5,59.9
E1262,S3253,C104,T125,SUB1,98.1
E1263,S3253,C104,T122,SUB4,75.6
E1264,S3253,C104,T111,SUB6,86.7
E1265,S3253,C104,T114,SUB8,70.6
E1266,S3254,C109,T102,SUB2,67.8
E1267,S3254,C109,T121,SUB3,70.4
E1268,S3254,C109,T124,SUB6,ninety
E1269,S3254,C109,T120,SUB4,77.2
E1270,S3254,C109,T117,SUB5,77.2
E1271,S3255,C101,T122,SUB4,74.9
E1272,S3255,C101,T114,SUB5,56.7
E1273,S3255,C101,T116,SUB2,74.8
E1274,S3255,C101,T108,SUB7,58.5
E1275,S3255,C101,T112,SUB3,56.3
E1276,S3256,C110,T122,SUB3,96.6
E1277,S3256,C110,T107,SUB5,80.2
E1278,S3256,C110,T118,SUB2,83.0
E1279,S3256,C110,T114,SUB8,70.1
E1280,S3256,C110,T112,SUB1,95.4
E1281,S3257,C103,T120,SUB4,81.9
E1282,S3257,C103,T107,SUB5,88.5
E1283,S3257,C103,T125,SUB1,N/A
E1284,S3257,C103,T111,SUB6,98.0
E1285,S3257,C103,T104,SUB3,91.0
E1286,S3258,C108,T113,SUB2,92.7
E1287,S3258,C108,T101,SUB5,58.6
E1288,S3258,C108,T118,SUB8,63.5
E1289,S3258,C108,T109,SUB4,64.3
E1290,S3258,C108,T117,SUB3,63.5
E1291,S3259,C105,T102,SUB2,92.8
E1292,S3259,C105,T111,SUB6,51.6
E1293,S3259,C105,T105,SUB1,53.8
E1294,S3259,C105,T109,SUB4,63.7
E1295,S3259,C105,T107,SUB5,60.0
E1296,S3260,C102,T124,SUB3,61.6
E1297,S3260,C102,T115,SUB6,89.9
E1298,S3260,C102,T111,SUB8,78.2
E1299,S3260,C102,T104,SUB4,50.3
E1300,S3260,C102,T117,SUB5,71.5
E1301,S3261,C111,T125,SUB1,70.4
E1302,S3261,C111,T113,SUB2,55.7
E1303,S3261,C111,T122,SUB4,83.8
E1304,S3261,C111,T122,SUB3,85.1
E1305,S3261,C111,T123,SUB5,86.0
E1306,S3262,C112,T122,SUB4,86.4
E1307,S3262,C112,T118,SUB2,50.0
E1308,S3262,C112,T112,SUB8,97.7
E1309,S3262,C112,T124,SUB6,90.7
E1310,S3262,C112,T101,SUB5,95.2
E1311,S3263,C105,T110,SUB2,50.8
E1312,S3263,C105,T112,SUB1,96.7
E1313,S3263,C105,T122,SUB3,90.5
E1314,S3263,C105,T115,SUB6,91.9
E1315,S3263,C105,T104,SUB4,54.7
E1316,S3264,C103,T114,SUB5,86.9
E1317,S3264,C103,T104,SUB4,98.0
E1318,S3264,C103,T108,SUB7,83.9
E1319,S3264,C103,T105,SUB8,78.5
E1320,S3264,C103,T115,SUB3,97.3
E1321,S3265,C105,T110,SUB8,72.1
E1322,S3265,C105,T119,SUB6,80.0
E1323,S3265,C105,T124,SUB3,73.8
E1324,S3265,C105,T109,SUB4,96.6
E1325,S3265,C105,T118,SUB2,53.8
E1326,S3266,C105,T121,SUB2,75.1
E1327,S3266,C105,T101,SUB5,84.3
E1328,S3266,C105,T108,SUB7,89.6
E1329,S3266,C105,T108,SUB3,79.2
E1330,S3266,C105,T119,SUB6,95.4
E1331,S3267,C104,T121,SUB2,97.1
E1332,S3267,C104,T111,SUB6,N/A
E1333,S3267,C104,T125,SUB1,70.1
E1334,S3267,C104,T115,SUB3,51.2
E1335,S3267,C104,T101,SUB5,66.5
E1336,S3268,C112,T120,SUB4,76.8
E1337,S3268,C112,T108,SUB7,95.5
E1338,S3268,C112,T115,SUB6,92.3
E1339,S3268,C112,T123,SUB5,56.4
E1340,S3268,C112,T102,SUB2,54.7
E1341,S3269,C112,T109,SUB4,79.5
E1342,S3269,C112,T106,SUB7,76.6
E1343,S3269,C112,T102,SUB3,63.3
E1344,S3269,C112,T105,SUB8,95.0
E1345,S3269,C112,T112,SUB1,96.4
E1346,S3270,C101,T106,SUB7,70.1
E1347,S3270,C101,T117,SUB5,94.5
E1348,S3270,C101,T123,SUB8,69.2
E1349,S3270,C101,T124,SUB6,86.8
E1350,S3270,C101,T122,SUB4,73.8
E1351,S3271,C106,T105,SUB3,56.1
E1352,S3271,C106,T123,SUB5,96.4
E1353,S3271,C106,T102,SUB2,72.7
E1354,S3271,C106,T122,SUB4,86.7
E1355,S3271,C106,T108,SUB7,68.4
E1356,S3272,C102,T111,SUB6,50.9
E1357,S3272,C102,T112,SUB1,N/A
E1358,S3272,C102,T107,SUB5,74.8
E1359,S3272,C102,T120,SUB4,84.5
E1360,S3272,C102,T106,SUB7,66.7
E1361,S3273,C107,T105,SUB1,84.8
E1362,S3273,C107,T106,SUB7,84.9
E1363,S3273,C107,T110,SUB2,85.2
E1364,S3273,C107,T124,SUB6,ninety
E1365,S3273,C107,T120,SUB4,95.7
E1366,S3274,C104,T125,SUB1,74.5
E1367,S3274,C104,T120,SUB4,72.5
E1368,S3274,C104,T106,SUB7,60.0
E1369,S3274,C104,T123,SUB5,65.4
E1370,S3274,C104,T105,SUB3,52.1
E1371,S3275,C109,T124,SUB8,81.7
E1372,S3275,C109,T108,SUB7,62.4
E1373,S3275,C109,T122,SUB4,65.2
E1374,S3275,C109,T124,SUB6,88.5
E1375,S3275,C109,T102,SUB2,66.4
E1376,S3276,C111,T123,SUB8,ninety
E1377,S3276,C111,T119,SUB6,58.5
E1378,S3276,C111,T104,SUB3,88.7
E1379,S3276,C111,T105,SUB1,56.5
E1380,S3276,C111,T118,SUB2,72.7
E1381,S3277,C109,T125,SUB1,75.3
E1382,S3277,C109,T101,SUB5,84.4
E1383,S3277,C109,T108,SUB7,81.7
E1384,S3277,C109,T102,SUB2,90.5
E1385,S3277,C109,T109,SUB4,52.2
E1386,S3278,C110,T113,SUB8,64.8
E1387,S3278,C110,T112,SUB1,64.0
E1388,S3278,C110,T101,SUB5,57.3
E1389,S3278,C110,T115,SUB6,64.5
E1390,S3278,C110,T117,SUB3,65.5
E1391,S3279,C107,T114,SUB5,76.1
E1392,S3279,C107,T112,SUB1,83.2
E1393,S3279,C107,T103,SUB7,69.1
E1394,S3279,C107,T124,SUB6,86.0
E1395,S3279,C107,T102,SUB2,66.8
E1396,S3280,C111,T124,SUB6,64.5
E1397,S3280,C111,T110,SUB2,77.1
E1398,S3280,C111,T112,SUB1,51.2
E1399,S3280,C111,T104,SUB8,54.0
E1400,S3280,C111,T108,SUB3,70.9
E1401,S3281,C106,T104,SUB4,97.1
E1402,S3281,C106,T111,SUB8,86.1
E1403,S3281,C106,T117,SUB5,54.4
E1404,S3281,C106,T111,SUB6,92.3
E1405,S3281,C106,T103,SUB7,86.6
E1406,S3282,C108,T105,SUB1,80.5
E1407,S3282,C108,T121,SUB3,91.0
E1408,S3282,C108,T114,SUB5,70.2
E1409,S3282,C108,T124,SUB6,61.1
E1410,S3282,C108,T121,SUB8,75.6
E1411,S3283,C103,T118,SUB3,77.4
E1412,S3283,C103,T118,SUB8,76.9
E1413,S3283,C103,T101,SUB5,78.3
E1414,S3283,C103,T118,SUB2,97.4
E1415,S3283,C103,T115,SUB6,ninety
E1416,S3284,C104,T112,SUB8,93.8
E1417,S3284,C104,T107,SUB3,90.1
E1418,S3284,C104,T123,SUB5,97.2
E1419,S3284,C104,T103,SUB7,54.9
E1420,S3284,C104,T104,SUB4,63.3
E1421,S3285,C111,T106,SUB7,74.8
E1422,S3285,C111,T119,SUB6,92.3
E1423,S3285,C111,T112,SUB1,75.3
E1424,S3285,C111,T121,SUB2,87.4
E1425,S3285,C111,T108,SUB3,56.9
E1426,S3286,C106,T111,SUB6,62.6
E1427,S3286,C106,T105,SUB3,86.6
E1428,S3286,C106,T102,SUB2,58.2
E1429,S3286,C106,T104,SUB4,67.6
E1430,S3286,C106,T108,SUB7,63.2
E1431,S3287,C106,T121,SUB8,67.5
E1432,S3287,C106,T108,SUB7,N/A
E1433,S3287,C106,T122,SUB4,68.4
E1434,S3287,C106,T114,SUB5,77.8
E1435,S3287,C106,T112,SUB1,55.0
E1436,S3288,C102,T124,SUB6,90.3
E1437,S3288,C102,T109,SUB4,68.5
E1438,S3288,C102,T110,SUB2,82.4
E1439,S3288,C102,T112,SUB1,86.3
E1440,S3288,C102,T114,SUB5,60.5
E1441,S3289,C112,T117,SUB5,94.2
E1442,S3289,C112,T103,SUB7,80.8
E1443,S3289,C112,T115,SUB6,ninety
E1444,S3289,C112,T121,SUB2,59.1
E1445,S3289,C112,T109,SUB8,97.1
E1446,S3290,C105,T103,SUB8,87.8
E1447,S3290,C105,T121,SUB2,60.4
E1448,S3290,C105,T114,SUB5,66.9
E1449,S3290,C105,T103,SUB7,90.5
E1450,S3290,C105,T119,SUB6,84.8
E1451,S3291,C102,T125,SUB1,88.3
E1452,S3291,C102,T124,SUB6,ninety
E1453,S3291,C102,T106,SUB7,85.8
E1454,S3291,C102,T101,SUB5,69.3
E1455,S3291,C102,T111,SUB3,60.6
E1456,S3292,C104,T106,SUB7,81.6
E1457,S3292,C104,T125,SUB3,N/A
E1458,S3292,C104,T125,SUB1,65.5
E1459,S3292,C104,T114,SUB5,73.0
E1460,S3292,C104,T122,SUB4,83.7
E1461,S3293,C102,T108,SUB7,77.1
E1462,S3293,C102,T121,SUB2,92.2
E1463,S3293,C102,T103,SUB3,88.1
E1464,S3293,C102,T105,SUB1,52.9
E1465,S3293,C102,T114,SUB5,99.9
E1466,S3294,C109,T118,SUB2,87.6
E1467,S3294,C109,T112,SUB1,93.2
E1468,S3294,C109,T109,SUB4,82.6
E1469,S3294,C109,T115,SUB6,92.8
E1470,S3294,C109,T103,SUB7,55.6
E1471,S3295,C102,T104,SUB4,67.4
E1472,S3295,C102,T125,SUB1,93.8
E1473,S3295,C102,T101,SUB5,60.1
E1474,S3295,C102,T124,SUB6,53.9
E1475,S3295,C102,T123,SUB8,89.4
E1476,S3296,C101,T120,SUB3,91.8
E1477,S3296,C101,T105,SUB1,58.1
E1478,S3296,C101,T104,SUB4,92.7
E1479,S3296,C101,T106,SUB7,84.3
E1480,S3296,C101,T113,SUB8,76.0
E1481,S3297,C104,T106,SUB7,91.5
E1482,S3297,C104,T116,SUB2,71.0
E1483,S3297,C104,T123,SUB5,59.7
E1484,S3297,C104,T111,SUB6,64.2
E1485,S3297,C104,T112,SUB1,75.3
E1486,S3298,C110,T118,SUB2,76.6
E1487,S3298,C110,T105,SUB1,90.3
E1488,S3298,C110,T103,SUB7,89.6
E1489,S3298,C110,T114,SUB5,79.1
E1490,S3298,C110,T124,SUB6,89.0
E1491,S3299,C106,T102,SUB8,59.6
E1492,S3299,C106,T118,SUB2,52.5
E1493,S3299,C106,T108,SUB7,93.7
E1494,S3299,C106,T119,SUB6,53.8
E1495,S3299,C106,T125,SUB1,62.3
E1496,S3300,C105,T110,SUB3,84.8
E1497,S3300,C105,T104,SUB4,70.5
E1498,S3300,C105,T122,SUB8,93.8
E1499,S3300,C105,T101,SUB5,64.9
E1500,S3300,C105,T111,SUB6,50.6
E1501,S3301,C107,T120,SUB4,65.0
E1502,S3301,C107,T116,SUB2,78.9
E1503,S3301,C107,T124,SUB6,68.8
E1504,S3301,C107,T106,SUB7,76.7
E1505,S3301,C107,T125,SUB1,93.8
E1506,S3302,C104,T117,SUB5,95.6
E1507,S3302,C104,T104,SUB4,63.3
E1508,S3302,C104,T101,SUB3,73.1
E1509,S3302,C104,T121,SUB2,77.5
E1510,S3302,C104,T125,SUB1,97.5
E1511,S3303,C111,T113,SUB8,99.9
E1512,S3303,C111,T111,SUB6,61.8
E1513,S3303,C111,T103,SUB3,86.3
E1514,S3303,C111,T104,SUB4,68.9
E1515,S3303,C111,T116,SUB2,50.4
E1516,S3304,C108,T119,SUB6,50.5
E1517,S3304,C108,T112,SUB1,73.0
E1518,S3304,C108,T106,SUB7,74.4
E1519,S3304,C108,T110,SUB2,51.1
E1520,S3304,C108,T101,SUB5,84.3
E1521,S3305,C107,T101,SUB5,64.7
E1522,S3305,C107,T105,SUB1,78.0
E1523,S3305,C107,T103,SUB7,65.0
E1524,S3305,C107,T113,SUB2,58.4
E1525,S3305,C107,T122,SUB4,70.4
E1526,S3306,C108,T110,SUB2,61.6
E1527,S3306,C108,T125,SUB1,76.7
E1528,S3306,C108,T120,SUB8,59.9
E1529,S3306,C108,T115,SUB6,75.4
E1530,S3306,C108,T123,SUB5,57.9
E1531,S3307,C112,T101,SUB5,83.5
E1532,S3307,C112,T106,SUB7,87.7
E1533,S3307,C112,T118,SUB2,55.5
E1534,S3307,C112,T116,SUB3,73.4
E1535,S3307,C112,T111,SUB6,53.5
E1536,S3308,C106,T116,SUB2,79.9
E1537,S3308,C106,T106,SUB8,63.2
E1538,S3308,C106,T114,SUB5,76.4
E1539,S3308,C106,T122,SUB4,75.9
E1540,S3308,C106,T116,SUB3,96.2
E1541,S3309,C107,T103,SUB7,77.5
E1542,S3309,C107,T124,SUB6,79.1
E1543,S3309,C107,T117,SUB5,70.1
E1544,S3309,C107,T112,SUB1,97.5
E1545,S3309,C107,T118,SUB2,88.9
E1546,S3310,C112,T111,SUB6,64.3
E1547,S3310,C112,T117,SUB3,92.2
E1548,S3310,C112,T123,SUB5,N/A
E1549,S3310,C112,T125,SUB1,91.4
E1550,S3310,C112,T116,SUB2,91.1
E1551,S3311,C108,T106,SUB7,59.4
E1552,S3311,C108,T109,SUB4,85.1
E1553,S3311,C108,T109,SUB3,64.5
E1554,S3311,C108,T112,SUB8,64.9
E1555,S3311,C108,T119,SUB6,64.8
E1556,S3312,C111,T102,SUB2,86.3
E1557,S3312,C111,T103,SUB7,61.5
E1558,S3312,C111,T111,SUB3,50.0
E1559,S3312,C111,T111,SUB8,85.8
E1560,S3312,C111,T125,SUB1,58.6
E1561,S3313,C112,T123,SUB5,55.2
E1562,S3313,C112,T102,SUB2,61.9
E1563,S3313,C112,T119,SUB6,69.0
E1564,S3313,C112,T113,SUB8,73.8
E1565,S3313,C112,T108,SUB7,52.2
E1566,S3314,C103,T112,SUB1,98.5
E1567,S3314,C103,T109,SUB4,85.8
E1568,S3314,C103,T124,SUB6,66.2
E1569,S3314,C103,T117,SUB5,65.9
E1570,S3314,C103,T102,SUB2,72.4
E1571,S3315,C110,T122,SUB4,81.3
E1572,S3315,C110,T118,SUB8,N/A
E1573,S3315,C110,T115,SUB6,59.4
E1574,S3315,C110,T103,SUB7,93.0
E1575,S3315,C110,T121,SUB2,ninety
E1576,S3316,C106,T124,SUB6,69.0
E1577,S3316,C106,T123,SUB3,93.6
E1578,S3316,C106,T113,SUB2,83.2
E1579,S3316,C106,T104,SUB4,67.1
E1580,S3316,C106,T107,SUB5,84.2
E1581,S3317,C104,T124,SUB6,51.0
E1582,S3317,C104,T117,SUB5,86.8
E1583,S3317,C104,T113,SUB8,74.4
E1584,S3317,C104,T103,SUB7,90.7
E1585,S3317,C104,T122,SUB4,97.7
E1586,S3318,C111,T101,SUB5,96.3
E1587,S3318,C111,T125,SUB1,95.5
E1588,S3318,C111,T110,SUB2,75.6
E1589,S3318,C111,T106,SUB7,68.0
E1590,S3318,C111,T115,SUB6,73.3
E1591,S3319,C109,T110,SUB2,84.5
E1592,S3319,C109,T122,SUB4,94.2
E1593,S3319,C109,T105,SUB1,60.3
E1594,S3319,C109,T114,SUB3,95.9
E1595,S3319,C109,T111,SUB6,90.8
E1596,S3320,C102,T122,SUB4,98.9
E1597,S3320,C102,T118,SUB2,94.0
E1598,S3320,C102,T108,SUB7,64.0
E1599,S3320,C102,T123,SUB3,55.3
E1600,S3320,C102,T109,SUB8,55.6
E1601,S3321,C111,T117,SUB3,64.6
E1602,S3321,C111,T122,SUB4,80.7
E1603,S3321,C111,T125,SUB1,N/A
E1604,S3321,C111,T103,SUB7,95.0
E1605,S3321,C111,T116,SUB2,81.2
E1606,S3322,C104,T107,SUB5,50.3
E1607,S3322,C104,T122,SUB4,59.3
E1608,S3322,C104,T122,SUB8,55.0
E1609,S3322,C104,T118,SUB2,68.2
E1610,S3322,C104,T108,SUB7,75.1
E1611,S3323,C111,T104,SUB4,52.2
E1612,S3323,C111,T108,SUB7,67.4
E1613,S3323,C111,T116,SUB2,59.0
E1614,S3323,C111,T125,SUB3,82.4
E1615,S3323,C111,T114,SUB5,73.2
E1616,S3324,C105,T110,SUB2,74.8
E1617,S3324,C105,T123,SUB5,N/A
E1618,S3324,C105,T101,SUB3,97.8
E1619,S3324,C105,T122,SUB4,60.7
E1620,S3324,C105,T108,SUB7,75.8
E1621,S3325,C101,T104,SUB4,86.8
E1622,S3325,C101,T105,SUB8,77.8
E1623,S3325,C101,T125,SUB1,96.5
E1624,S3325,C101,T124,SUB6,68.9
E1625,S3325,C101,T118,SUB3,73.2
E1626,S3326,C103,T106,SUB8,54.4
E1627,S3326,C103,T118,SUB2,80.4
E1628,S3326,C103,T120,SUB4,64.4
E1629,S3326,C103,T124,SUB3,58.0
E1630,S3326,C103,T103,SUB7,77.2
E1631,S3327,C101,T112,SUB1,76.6
E1632,S3327,C101,T111,SUB6,53.8
E1633,S3327,C101,T118,SUB3,84.9
E1634,S3327,C101,T121,SUB2,N/A
E1635,S3327,C101,T104,SUB4,59.5
E1636,S3328,C103,T101,SUB5,73.5
E1637,S3328,C103,T109,SUB4,86.0
E1638,S3328,C103,T112,SUB1,76.5
E1639,S3328,C103,T107,SUB8,69.8
E1640,S3328,C103,T124,SUB6,ninety
E1641,S3329,C112,T105,SUB1,80.5
E1642,S3329,C112,T122,SUB3,97.0
E1643,S3329,C112,T110,SUB2,N/A
E1644,S3329,C112,T117,SUB8,53.7
E1645,S3329,C112,T119,SUB6,73.0
E1646,S3330,C110,T122,SUB4,94.5
E1647,S3330,C110,T107,SUB5,54.7
E1648,S3330,C110,T113,SUB2,99.4
E1649,S3330,C110,T106,SUB7,97.5
E1650,S3330,C110,T101,SUB8,53.9
E1651,S3331,C107,T102,SUB8,96.7
E1652,S3331,C107,T110,SUB2,68.2
E1653,S3331,C107,T125,SUB1,92.2
E1654,S3331,C107,T104,SUB3,70.9
E1655,S3331,C107,T123,SUB5,72.0
E1656,S3332,C107,T113,SUB2,81.7
E1657,S3332,C107,T114,SUB5,88.7
E1658,S3332,C107,T122,SUB3,51.7
E1659,S3332,C107,T120,SUB4,ninety
E1660,S3332,C107,T119,SUB8,59.3
E1661,S3333,C111,T104,SUB4,67.3
E1662,S3333,C111,T101,SUB5,67.4
E1663,S3333,C111,T108,SUB7,73.5
E1664,S3333,C111,T105,SUB1,66.7
E1665,S3333,C111,T102,SUB2,55.4
E1666,S3334,C102,T107,SUB8,57.3
E1667,S3334,C102,T108,SUB3,51.7
E1668,S3334,C102,T118,SUB2,73.5
E1669,S3334,C102,T124,SUB6,97.7
E1670,S3334,C102,T120,SUB4,55.8
E1671,S3335,C101,T119,SUB6,97.3
E1672,S3335,C101,T108,SUB8,86.7
E1673,S3335,C101,T112,SUB1,81.9
E1674,S3335,C101,T107,SUB5,82.3
E1675,S3335,C101,T109,SUB4,91.3
E1676,S3336,C102,T109,SUB4,55.3
E1677,S3336,C102,T101,SUB5,75.2
E1678,S3336,C102,T116,SUB8,84.9
E1679,S3336,C102,T103,SUB7,79.3
E1680,S3336,C102,T105,SUB3,91.6
E1681,S3337,C112,T108,SUB3,53.6
E1682,S3337,C112,T112,SUB1,84.5
E1683,S3337,C112,T113,SUB2,76.7
E1684,S3337,C112,T107,SUB5,69.0
E1685,S3337,C112,T115,SUB6,67.0
E1686,S3338,C102,T114,SUB5,81.0
E1687,S3338,C102,T116,SUB3,94.5
E1688,S3338,C102,T112,SUB8,74.8
E1689,S3338,C102,T109,SUB4,91.2
E1690,S3338,C102,T116,SUB2,70.1
E1691,S3339,C109,T106,SUB7,55.1
E1692,S3339,C109,T103,SUB8,53.1
E1693,S3339,C109,T113,SUB2,52.6
E1694,S3339,C109,T109,SUB4,69.0
E1695,S3339,C109,T105,SUB1,66.9
E1696,S3340,C105,T118,SUB8,85.9
E1697,S3340,C105,T103,SUB3,87.1
E1698,S3340,C105,T122,SUB4,52.5
E1699,S3340,C105,T103,SUB7,ninety
E1700,S3340,C105,T119,SUB6,63.7
E1701,S3341,C105,T106,SUB7,77.4
E1702,S3341,C105,T104,SUB4,57.2
E1703,S3341,C105,T111,SUB6,56.7
E1704,S3341,C105,T104,SUB3,97.2
E1705,S3341,C105,T119,SUB8,90.2
E1706,S3342,C109,T108,SUB7,59.0
E1707,S3342,C109,T123,SUB3,70.3
E1708,S3342,C109,T124,SUB6,67.8
E1709,S3342,C109,T124,SUB8,89.6
E1710,S3342,C109,T122,SUB4,N/A
E1711,S3343,C110,T119,SUB6,56.4
E1712,S3343,C110,T122,SUB8,86.9
E1713,S3343,C110,T103,SUB7,69.8
E1714,S3343,C110,T125,SUB1,63.1
E1715,S3343,C110,T102,SUB2,68.8
E1716,S3344,C102,T121,SUB2,74.9
E1717,S3344,C102,T111,SUB6,67.2
E1718,S3344,C102,T103,SUB7,62.1
E1719,S3344,C102,T109,SUB4,69.9
E1720,S3344,C102,T114,SUB5,51.0
E1721,S3345,C106,T103,SUB7,88.6
E1722,S3345,C106,T114,SUB5,58.5
E1723,S3345,C106,T109,SUB3,52.2
E1724,S3345,C106,T122,SUB4,82.7
E1725,S3345,C106,T105,SUB1,88.7
E1726,S3346,C108,T117,SUB8,90.7
E1727,S3346,C108,T112,SUB1,74.7
E1728,S3346,C108,T103,SUB7,60.3
E1729,S3346,C108,T115,SUB6,86.9
E1730,S3346,C108,T109,SUB4,85.0
E1731,S3347,C107,T110,SUB2,62.3
E1732,S3347,C107,T109,SUB4,95.2
E1733,S3347,C107,T107,SUB5,55.2
E1734,S3347,C107,T114,SUB8,99.1
E1735,S3347,C107,T111,SUB6,93.0
E1736,S3348,C111,T104,SUB3,84.4
E1737,S3348,C111,T112,SUB1,ninety
E1738,S3348,C111,T108,SUB8,86.1
E1739,S3348,C111,T108,SUB7,59.5
E1740,S3348,C111,T104,SUB4,72.1
E1741,S3349,C105,T105,SUB1,53.6
E1742,S3349,C105,T111,SUB6,69.5
E1743,S3349,C105,T123,SUB5,87.1
E1744,S3349,C105,T125,SUB8,69.3
E1745,S3349,C105,T106,SUB7,66.5
E1746,S3350,C102,T119,SUB6,79.8
E1747,S3350,C102,T107,SUB5,93.6
E1748,S3350,C102,T122,SUB4,52.4
E1749,S3350,C102,T102,SUB3,69.3
E1750,S3350,C102,T106,SUB7,57.9
E1751,S3351,C110,T105,SUB1,84.8
E1752,S3351,C110,T120,SUB4,55.3
E1753,S3351,C110,T115,SUB6,83.2
E1754,S3351,C110,T108,SUB7,64.3
E1755,S3351,C110,T116,SUB2,59.9
E1756,S3352,C106,T120,SUB4,96.8
E1757,S3352,C106,T125,SUB1,50.9
E1758,S3352,C106,T124,SUB6,71.9
E1759,S3352,C106,T116,SUB3,51.1
E1760,S3352,C106,T108,SUB7,74.2
E1761,S3353,C105,T119,SUB6,75.1
E1762,S3353,C105,T109,SUB4,66.1
E1763,S3353,C105,T108,SUB7,56.6
E1764,S3353,C105,T125,SUB1,68.8
E1765,S3353,C105,T105,SUB8,83.6
E1766,S3354,C111,T110,SUB2,89.1
E1767,S3354,C111,T104,SUB3,76.5
E1768,S3354,C111,T115,SUB6,79.5
E1769,S3354,C111,T107,SUB5,60.0
E1770,S3354,C111,T104,SUB4,64.4
E1771,S3355,C107,T105,SUB1,58.1
E1772,S3355,C107,T121,SUB2,62.5
E1773,S3355,C107,T122,SUB3,61.2
E1774,S3355,C107,T109,SUB4,76.0
E1775,S3355,C107,T124,SUB6,78.1
E1776,S3356,C109,T119,SUB6,97.2
E1777,S3356,C109,T108,SUB7,59.8
E1778,S3356,C109,T121,SUB2,82.1
E1779,S3356,C109,T123,SUB5,90.9
E1780,S3356,C109,T112,SUB1,78.0
E1781,S3357,C112,T104,SUB4,62.8
E1782,S3357,C112,T124,SUB3,63.1
E1783,S3357,C112,T105,SUB1,52.0
E1784,S3357,C112,T103,SUB7,65.3
E1785,S3357,C112,T115,SUB6,87.2
E1786,S3358,C112,T103,SUB7,52.4
E1787,S3358,C112,T107,SUB5,61.0
E1788,S3358,C112,T124,SUB6,85.3
E1789,S3358,C112,T112,SUB1,89.1
E1790,S3358,C112,T105,SUB3,72.8
E1791,S3359,C112,T120,SUB4,84.9
E1792,S3359,C112,T112,SUB1,69.4
E1793,S3359,C112,T116,SUB8,58.0
E1794,S3359,C112,T103,SUB7,69.9
E1795,S3359,C112,T115,SUB6,79.0
E1796,S3360,C106,T112,SUB1,97.4
E1797,S3360,C106,T123,SUB5,53.4
E1798,S3360,C106,T107,SUB3,75.4
E1799,S3360,C106,T124,SUB6,66.4
E1800,S3360,C106,T111,SUB8,75.4
E1801,S3361,C112,T109,SUB4,51.2
E1802,S3361,C112,T108,SUB7,65.7
E1803,S3361,C112,T115,SUB6,91.0
E1804,S3361,C112,T118,SUB2,77.7
E1805,S3361,C112,T112,SUB1,72.5
E1806,S3362,C106,T119,SUB6,64.3
E1807,S3362,C106,T103,SUB7,64.9
E1808,S3362,C106,T122,SUB4,69.2
E1809,S3362,C106,T111,SUB8,91.8
E1810,S3362,C106,T125,SUB1,98.4
E1811,S3363,C111,T125,SUB1,71.9
E1812,S3363,C111,T103,SUB7,69.7
E1813,S3363,C111,T124,SUB6,92.3
E1814,S3363,C111,T105,SUB3,71.3
E1815,S3363,C111,T109,SUB4,77.6
E1816,S3364,C110,T125,SUB1,61.5
E1817,S3364,C110,T105,SUB3,87.2
E1818,S3364,C110,T124,SUB6,76.6
E1819,S3364,C110,T107,SUB5,90.5
E1820,S3364,C110,T104,SUB8,89.0
E1821,S3365,C105,T119,SUB8,60.8
E1822,S3365,C105,T110,SUB2,85.8
E1823,S3365,C105,T112,SUB1,90.0
E1824,S3365,C105,T111,SUB6,67.3
E1825,S3365,C105,T116,SUB3,58.6
E1826,S3366,C107,T125,SUB3,50.1
E1827,S3366,C107,T124,SUB6,72.5
E1828,S3366,C107,T108,SUB7,67.6
E1829,S3366,C107,T104,SUB4,77.7
E1830,S3366,C107,T105,SUB1,59.4
E1831,S3367,C104,T120,SUB4,93.0
E1832,S3367,C104,T105,SUB1,62.9
E1833,S3367,C104,T107,SUB5,61.3
E1834,S3367,C104,T124,SUB6,74.0
E1835,S3367,C104,T105,SUB8,74.9
E1836,S3368,C108,T121,SUB2,ninety
E1837,S3368,C108,T124,SUB6,63.6
E1838,S3368,C108,T123,SUB5,58.5
E1839,S3368,C108,T121,SUB8,85.9
E1840,S3368,C108,T109,SUB4,88.5
E1841,S3369,C103,T118,SUB2,73.1
E1842,S3369,C103,T111,SUB8,85.7
E1843,S3369,C103,T107,SUB5,86.8
E1844,S3369,C103,T108,SUB7,56.9
E1845,S3369,C103,T125,SUB1,98.3
E1846,S3370,C110,T112,SUB1,91.1
E1847,S3370,C110,T106,SUB8,60.2
E1848,S3370,C110,T108,SUB7,ninety
E1849,S3370,C110,T114,SUB5,N/A
E1850,S3370,C110,T117,SUB3,56.9
E1851,S3371,C111,T123,SUB5,87.4
E1852,S3371,C111,T119,SUB6,73.5
E1853,S3371,C111,T112,SUB8,89.1
E1854,S3371,C111,T109,SUB4,87.3
E1855,S3371,C111,T121,SUB2,80.2
E1856,S3372,C111,T109,SUB4,84.3
E1857,S3372,C111,T125,SUB1,50.9
E1858,S3372,C111,T118,SUB2,65.6
E1859,S3372,C111,T115,SUB6,81.9
E1860,S3372,C111,T114,SUB3,50.5
E1861,S3373,C111,T117,SUB5,51.6
E1862,S3373,C111,T109,SUB3,92.6
E1863,S3373,C111,T109,SUB4,84.2
E1864,S3373,C111,T102,SUB2,63.3
E1865,S3373,C111,T119,SUB6,84.4
E1866,S3374,C101,T122,SUB4,89.6
E1867,S3374,C101,T119,SUB6,65.3
E1868,S3374,C101,T114,SUB3,51.8
E1869,S3374,C101,T123,SUB5,96.6
E1870,S3374,C101,T113,SUB2,67.3
E1871,S3375,C112,T113,SUB2,55.3
E1872,S3375,C112,T119,SUB6,74.6
E1873,S3375,C112,T114,SUB5,88.4
E1874,S3375,C112,T109,SUB4,61.1
E1875,S3375,C112,T105,SUB1,63.5
E1876,S3376,C107,T120,SUB4,62.1
E1877,S3376,C107,T116,SUB8,99.6
E1878,S3376,C107,T112,SUB1,59.9
E1879,S3376,C107,T119,SUB6,78.8
E1880,S3376,C107,T118,SUB2,96.3
E1881,S3377,C109,T112,SUB1,57.3
E1882,S3377,C109,T121,SUB2,98.5
E1883,S3377,C109,T118,SUB3,97.4
E1884,S3377,C109,T122,SUB4,94.2
E1885,S3377,C109,T103,SUB7,60.7
E1886,S3378,C108,T119,SUB3,81.7
E1887,S3378,C108,T111,SUB6,88.0
E1888,S3378,C108,T121,SUB2,99.3
E1889,S3378,C108,T108,SUB7,59.0
E1890,S3378,C108,T122,SUB4,88.3
E1891,S3379,C109,T109,SUB3,66.9
E1892,S3379,C109,T109,SUB4,58.8
E1893,S3379,C109,T103,SUB8,71.1
E1894,S3379,C109,T106,SUB7,89.7
E1895,S3379,C109,T111,SUB6,73.2
E1896,S3380,C108,T118,SUB2,76.9
E1897,S3380,C108,T119,SUB6,99.8
E1898,S3380,C108,T116,SUB8,70.0
E1899,S3380,C108,T105,SUB1,80.8
E1900,S3380,C108,T106,SUB7,68.3
E1901,S3381,C109,T113,SUB3,ninety
E1902,S3381,C109,T109,SUB4,84.8
E1903,S3381,C109,T108,SUB7,ninety
E1904,S3381,C109,T117,SUB5,77.1
E1905,S3381,C109,T125,SUB1,88.4
E1906,S3382,C101,T105,SUB1,54.5
E1907,S3382,C101,T107,SUB5,60.6
E1908,S3382,C101,T104,SUB4,75.1
E1909,S3382,C101,T116,SUB2,51.0
E1910,S3382,C101,T103,SUB7,62.6
E1911,S3383,C112,T120,SUB4,75.9
E1912,S3383,C112,T106,SUB7,50.7
E1913,S3383,C112,T123,SUB5,63.2
E1914,S3383,C112,T112,SUB1,75.7
E1915,S3383,C112,T121,SUB3,78.7
E1916,S3384,C112,T112,SUB1,ninety
E1917,S3384,C112,T122,SUB4,82.3
E1918,S3384,C112,T114,SUB5,70.7
E1919,S3384,C112,T106,SUB7,96.5
E1920,S3384,C112,T106,SUB8,89.2
E1921,S3385,C111,T105,SUB1,60.0
E1922,S3385,C111,T105,SUB8,56.5
E1923,S3385,C111,T122,SUB4,ninety
E1924,S3385,C111,T119,SUB6,78.0
E1925,S3385,C111,T116,SUB2,89.5
E1926,S3386,C104,T111,SUB6,86.9
E1927,S3386,C104,T122,SUB4,81.3
E1928,S3386,C104,T113,SUB2,99.3
E1929,S3386,C104,T101,SUB5,76.7
E1930,S3386,C104,T123,SUB3,55.7
E1931,S3387,C103,T122,SUB4,91.4
E1932,S3387,C103,T102,SUB3,62.6
E1933,S3387,C103,T105,SUB1,88.9
E1934,S3387,C103,T121,SUB2,97.9
E1935,S3387,C103,T104,SUB8,84.8
E1936,S3388,C105,T125,SUB8,79.8
E1937,S3388,C105,T106,SUB7,73.0
E1938,S3388,C105,T124,SUB6,68.2
E1939,S3388,C105,T102,SUB2,67.7
E1940,S3388,C105,T105,SUB3,81.8
E1941,S3389,C104,T125,SUB1,87.6
E1942,S3389,C104,T106,SUB7,83.9
E1943,S3389,C104,T111,SUB6,59.9
E1944,S3389,C104,T113,SUB2,74.7
E1945,S3389,C104,T103,SUB8,89.6
E1946,S3390,C105,T109,SUB4,73.8
E1947,S3390,C105,T101,SUB5,76.8
E1948,S3390,C105,T121,SUB2,88.6
E1949,S3390,C105,T106,SUB7,83.1
E1950,S3390,C105,T111,SUB6,70.5
E1951,S3391,C103,T104,SUB3,94.8
E1952,S3391,C103,T102,SUB2,58.1
E1953,S3391,C103,T107,SUB5,99.8
E1954,S3391,C103,T106,SUB7,ninety
E1955,S3391,C103,T115,SUB6,50.7
E1956,S3392,C108,T125,SUB1,94.5
E1957,S3392,C108,T109,SUB4,62.2
E1958,S3392,C108,T106,SUB7,86.5
E1959,S3392,C108,T123,SUB5,90.6
E1960,S3392,C108,T102,SUB3,92.9
E1961,S3393,C103,T107,SUB5,99.6
E1962,S3393,C103,T102,SUB3,64.7
E1963,S3393,C103,T103,SUB7,85.5
E1964,S3393,C103,T119,SUB6,55.8
E1965,S3393,C103,T122,SUB4,70.3
E1966,S3394,C102,T113,SUB2,92.4
E1967,S3394,C102,T104,SUB4,68.4
E1968,S3394,C102,T101,SUB8,79.6
E1969,S3394,C102,T125,SUB3,75.2
E1970,S3394,C102,T106,SUB7,82.3
E1971,S3395,C106,T115,SUB6,98.6
E1972,S3395,C106,T107,SUB8,52.8
E1973,S3395,C106,T101,SUB5,78.7
E1974,S3395,C106,T103,SUB7,93.2
E1975,S3395,C106,T120,SUB3,74.1
E1976,S3396,C111,T104,SUB4,53.9
E1977,S3396,C111,T118,SUB2,78.0
E1978,S3396,C111,T124,SUB6,66.6
E1979,S3396,C111,T107,SUB8,57.7
E1980,S3396,C111,T105,SUB1,N/A
E1981,S3397,C106,T120,SUB4,76.1
E1982,S3397,C106,T123,SUB8,96.7
E1983,S3397,C106,T117,SUB5,90.3
E1984,S3397,C106,T114,SUB3,84.6
E1985,S3397,C106,T111,SUB6,50.3
E1986,S3398,C108,T123,SUB5,71.4
E1987,S3398,C108,T115,SUB6,59.9
E1988,S3398,C108,T116,SUB2,95.5
E1989,S3398,C108,T118,SUB3,58.7
E1990,S3398,C108,T105,SUB1,64.3
E1991,S3399,C101,T103,SUB7,75.8
E1992,S3399,C101,T107,SUB5,63.2
E1993,S3399,C101,T104,SUB4,60.5
E1994,S3399,C101,T124,SUB6,80.0
E1995,S3399,C101,T124,SUB3,54.4
E1996,S3400,C107,T123,SUB5,52.9
E1997,S3400,C107,T103,SUB7,N/A
E1998,S3400,C107,T110,SUB2,86.0
E1999,S3400,C107,T121,SUB3,77.7
E2000,S3400,C107,T109,SUB8,71.1
E2001,S3401,C108,T123,SUB5,78.3
E2002,S3401,C108,T108,SUB7,68.3
E2003,S3401,C108,T125,SUB1,96.8
E2004,S3401,C108,T113,SUB2,52.7
E2005,S3401,C108,T123,SUB8,83.7
E2006,S3402,C106,T114,SUB5,94.6
E2007,S3402,C106,T111,SUB6,90.2
E2008,S3402,C106,T110,SUB2,59.2
E2009,S3402,C106,T120,SUB4,64.8
E2010,S3402,C106,T101,SUB3,85.9
E2011,S3403,C103,T121,SUB2,54.2
E2012,S3403,C103,T115,SUB6,90.6
E2013,S3403,C103,T103,SUB7,85.9
E2014,S3403,C103,T109,SUB4,86.5
E2015,S3403,C103,T125,SUB3,55.0
E2016,S3404,C103,T105,SUB8,85.9
E2017,S3404,C103,T102,SUB2,84.0
E2018,S3404,C103,T124,SUB6,91.5
E2019,S3404,C103,T109,SUB4,52.1
E2020,S3404,C103,T116,SUB3,51.2
E2021,S3405,C102,T106,SUB3,68.7
E2022,S3405,C102,T124,SUB6,57.4
E2023,S3405,C102,T107,SUB8,77.9
E2024,S3405,C102,T105,SUB1,95.9
E2025,S3405,C102,T106,SUB7,69.6
E2026,S3406,C108,T108,SUB7,92.2
E2027,S3406,C108,T105,SUB1,50.0
E2028,S3406,C108,T124,SUB6,58.4
E2029,S3406,C108,T101,SUB5,51.5
E2030,S3406,C108,T121,SUB2,66.4
E2031,S3407,C102,T121,SUB3,95.4
E2032,S3407,C102,T102,SUB2,54.8
E2033,S3407,C102,T105,SUB1,80.3
E2034,S3407,C102,T111,SUB8,72.6
E2035,S3407,C102,T103,SUB7,96.9
E2036,S3408,C112,T110,SUB8,56.1
E2037,S3408,C112,T103,SUB7,60.6
E2038,S3408,C112,T123,SUB5,51.5
E2039,S3408,C112,T104,SUB4,ninety
E2040,S3408,C112,T102,SUB2,63.9
E2041,S3409,C105,T101,SUB5,93.5
E2042,S3409,C105,T105,SUB1,80.2
E2043,S3409,C105,T113,SUB8,80.7
E2044,S3409,C105,T120,SUB4,76.6
E2045,S3409,C105,T121,SUB2,54.6
E2046,S3410,C107,T102,SUB2,72.3
E2047,S3410,C107,T120,SUB4,100.0
E2048,S3410,C107,T120,SUB8,91.8
E2049,S3410,C107,T112,SUB1,94.7
E2050,S3410,C107,T111,SUB6,91.2
E2051,S3411,C107,T120,SUB3,55.2
E2052,S3411,C107,T116,SUB2,61.4
E2053,S3411,C107,T120,SUB4,50.2
E2054,S3411,C107,T114,SUB5,65.2
E2055,S3411,C107,T104,SUB8,55.4
E2056,S3412,C102,T101,SUB8,73.6
E2057,S3412,C102,T115,SUB6,83.9
E2058,S3412,C102,T105,SUB3,93.7
E2059,S3412,C102,T106,SUB7,87.5
E2060,S3412,C102,T112,SUB1,96.9
E2061,S3413,C107,T102,SUB2,52.7
E2062,S3413,C107,T107,SUB5,50.6
E2063,S3413,C107,T122,SUB4,83.1
E2064,S3413,C107,T116,SUB3,64.5
E2065,S3413,C107,T123,SUB8,62.7
E2066,S3414,C106,T124,SUB6,66.5
E2067,S3414,C106,T118,SUB2,63.5
E2068,S3414,C106,T118,SUB8,75.6
E2069,S3414,C106,T103,SUB7,72.0
E2070,S3414,C106,T122,SUB4,75.6
E2071,S3415,C102,T104,SUB4,83.6
E2072,S3415,C102,T111,SUB6,69.4
E2073,S3415,C102,T112,SUB1,62.6
E2074,S3415,C102,T102,SUB2,58.3
E2075,S3415,C102,T112,SUB3,67.5
E2076,S3416,C104,T108,SUB3,87.1
E2077,S3416,C104,T108,SUB8,87.8
E2078,S3416,C104,T109,SUB4,83.3
E2079,S3416,C104,T121,SUB2,61.7
E2080,S3416,C104,T124,SUB6,79.4
E2081,S3417,C111,T106,SUB7,78.5
E2082,S3417,C111,T106,SUB3,N/A
E2083,S3417,C111,T112,SUB1,77.5
E2084,S3417,C111,T115,SUB6,74.6
E2085,S3417,C111,T123,SUB5,78.3
E2086,S3418,C103,T108,SUB7,85.8
E2087,S3418,C103,T113,SUB2,55.5
E2088,S3418,C103,T124,SUB8,87.5
E2089,S3418,C103,T104,SUB4,56.8
E2090,S3418,C103,T115,SUB6,53.3
E2091,S3419,C109,T105,SUB1,98.8
E2092,S3419,C109,T117,SUB5,97.8
E2093,S3419,C109,T116,SUB2,53.0
E2094,S3419,C109,T106,SUB7,72.2
E2095,S3419,C109,T119,SUB6,59.3
E2096,S3420,C106,T103,SUB7,74.3
E2097,S3420,C106,T116,SUB2,91.5
E2098,S3420,C106,T108,SUB3,97.5
E2099,S3420,C106,T125,SUB1,81.7
E2100,S3420,C106,T104,SUB4,67.7
E2101,S3421,C109,T106,SUB8,80.2
E2102,S3421,C109,T120,SUB4,65.6
E2103,S3421,C109,T107,SUB3,95.5
E2104,S3421,C109,T103,SUB7,93.5
E2105,S3421,C109,T123,SUB5,77.9
E2106,S3422,C106,T111,SUB6,66.2
E2107,S3422,C106,T125,SUB1,ninety
E2108,S3422,C106,T113,SUB2,51.7
E2109,S3422,C106,T107,SUB3,90.8
E2110,S3422,C106,T102,SUB8,72.5
E2111,S3423,C109,T102,SUB2,N/A
E2112,S3423,C109,T101,SUB5,73.6
E2113,S3423,C109,T103,SUB7,90.9
E2114,S3423,C109,T112,SUB1,56.2
E2115,S3423,C109,T109,SUB4,92.9
E2116,S3424,C112,T106,SUB7,94.9
E2117,S3424,C112,T111,SUB6,97.3
E2118,S3424,C112,T125,SUB3,69.9
E2119,S3424,C112,T118,SUB2,60.9
E2120,S3424,C112,T112,SUB1,68.7
E2121,S3425,C108,T105,SUB1,66.6
E2122,S3425,C108,T103,SUB3,58.8
E2123,S3425,C108,T110,SUB2,80.4
E2124,S3425,C108,T115,SUB6,73.8
E2125,S3425,C108,T109,SUB4,93.3
E2126,S3426,C110,T119,SUB6,51.6
E2127,S3426,C110,T122,SUB4,N/A
E2128,S3426,C110,T121,SUB2,88.1
E2129,S3426,C110,T113,SUB3,88.0
E2130,S3426,C110,T123,SUB5,94.3
E2131,S3427,C104,T101,SUB3,86.5
E2132,S3427,C104,T114,SUB5,96.4
E2133,S3427,C104,T111,SUB6,66.6
E2134,S3427,C104,T122,SUB4,75.2
E2135,S3427,C104,T112,SUB1,50.7
E2136,S3428,C101,T101,SUB5,50.3
E2137,S3428,C101,T125,SUB8,62.0
E2138,S3428,C101,T116,SUB3,55.0
E2139,S3428,C101,T124,SUB6,63.0
E2140,S3428,C101,T105,SUB1,58.9
E2141,S3429,C101,T114,SUB8,51.4
E2142,S3429,C101,T125,SUB1,95.5
E2143,S3429,C101,T112,SUB3,50.4
E2144,S3429,C101,T119,SUB6,86.8
E2145,S3429,C101,T122,SUB4,57.6
E2146,S3430,C103,T107,SUB5,95.6
E2147,S3430,C103,T111,SUB6,94.6
E2148,S3430,C103,T105,SUB1,82.7
E2149,S3430,C103,T106,SUB8,83.6
E2150,S3430,C103,T103,SUB7,50.3
E2151,S3431,C107,T115,SUB8,99.2
E2152,S3431,C107,T124,SUB6,93.9
E2153,S3431,C107,T105,SUB1,94.8
E2154,S3431,C107,T113,SUB3,83.0
E2155,S3431,C107,T109,SUB4,67.2
E2156,S3432,C106,T110,SUB2,94.7
E2157,S3432,C106,T116,SUB3,64.6
E2158,S3432,C106,T106,SUB7,N/A
E2159,S3432,C106,T107,SUB5,55.0
E2160,S3432,C106,T109,SUB4,96.1
E2161,S3433,C104,T111,SUB6,57.0
E2162,S3433,C104,T114,SUB5,61.2
E2163,S3433,C104,T112,SUB1,77.9
E2164,S3433,C104,T103,SUB7,88.2
E2165,S3433,C104,T122,SUB4,81.0
E2166,S3434,C101,T113,SUB3,61.6
E2167,S3434,C101,T125,SUB1,50.0
E2168,S3434,C101,T116,SUB2,87.9
E2169,S3434,C101,T108,SUB7,99.3
E2170,S3434,C101,T106,SUB8,90.5
E2171,S3435,C101,T110,SUB2,73.0
E2172,S3435,C101,T122,SUB4,95.2
E2173,S3435,C101,T118,SUB3,70.5
E2174,S3435,C101,T115,SUB6,76.2
E2175,S3435,C101,T114,SUB8,73.9
E2176,S3436,C109,T103,SUB7,72.4
E2177,S3436,C109,T119,SUB8,88.8
E2178,S3436,C109,T112,SUB1,76.3
E2179,S3436,C109,T114,SUB5,ninety
E2180,S3436,C109,T116,SUB2,62.9
E2181,S3437,C110,T109,SUB8,51.9
E2182,S3437,C110,T103,SUB7,79.2
E2183,S3437,C110,T105,SUB3,61.5
E2184,S3437,C110,T125,SUB1,57.4
E2185,S3437,C110,T104,SUB4,N/A
E2186,S3438,C109,T122,SUB4,84.1
E2187,S3438,C109,T107,SUB8,87.6
E2188,S3438,C109,T111,SUB6,75.2
E2189,S3438,C109,T114,SUB5,ninety
E2190,S3438,C109,T113,SUB2,96.8
E2191,S3439,C112,T116,SUB2,90.4
E2192,S3439,C112,T124,SUB6,81.8
E2193,S3439,C112,T120,SUB4,65.2
E2194,S3439,C112,T103,SUB7,99.1
E2195,S3439,C112,T114,SUB5,63.7
E2196,S3440,C103,T122,SUB3,60.1
E2197,S3440,C103,T117,SUB5,72.1
E2198,S3440,C103,T104,SUB4,52.8
E2199,S3440,C103,T111,SUB6,98.9
E2200,S3440,C103,T101,SUB8,79.4
E2201,S3441,C104,T108,SUB7,77.8
E2202,S3441,C104,T125,SUB1,82.8
E2203,S3441,C104,T120,SUB4,74.9
E2204,S3441,C104,T107,SUB5,51.6
E2205,S3441,C104,T115,SUB8,80.6
E2206,S3442,C108,T116,SUB2,85.8
E2207,S3442,C108,T121,SUB8,70.8
E2208,S3442,C108,T122,SUB4,ninety
E2209,S3442,C108,T112,SUB1,61.4
E2210,S3442,C108,T117,SUB3,61.1
E2211,S3443,C112,T117,SUB5,N/A
E2212,S3443,C112,T101,SUB3,68.6
E2213,S3443,C112,T120,SUB4,92.4
E2214,S3443,C112,T118,SUB2,91.4
E2215,S3443,C112,T125,SUB1,69.1
E2216,S3444,C105,T107,SUB3,79.5
E2217,S3444,C105,T117,SUB5,86.0
E2218,S3444,C105,T122,SUB4,62.1
E2219,S3444,C105,T121,SUB2,58.4
E2220,S3444,C105,T115,SUB6,98.6
E2221,S3445,C111,T111,SUB6,80.9
E2222,S3445,C111,T107,SUB5,99.1
E2223,S3445,C111,T121,SUB2,66.9
E2224,S3445,C111,T122,SUB4,85.2
E2225,S3445,C111,T121,SUB8,61.1
E2226,S3446,C112,T101,SUB3,63.1
E2227,S3446,C112,T121,SUB8,75.6
E2228,S3446,C112,T110,SUB2,ninety
E2229,S3446,C112,T125,SUB1,58.4
E2230,S3446,C112,T101,SUB5,63.1
E2231,S3447,C109,T125,SUB1,51.8
E2232,S3447,C109,T119,SUB6,85.2
E2233,S3447,C109,T108,SUB7,74.6
E2234,S3447,C109,T113,SUB2,54.7
E2235,S3447,C109,T109,SUB4,58.6
E2236,S3448,C106,T103,SUB7,55.1
E2237,S3448,C106,T121,SUB8,ninety
E2238,S3448,C106,T119,SUB3,54.7
E2239,S3448,C106,T105,SUB1,87.7
E2240,S3448,C106,T111,SUB6,51.0
E2241,S3449,C101,T117,SUB5,62.5
E2242,S3449,C101,T107,SUB3,94.5
E2243,S3449,C101,T116,SUB2,85.9
E2244,S3449,C101,T112,SUB1,53.6
E2245,S3449,C101,T121,SUB8,91.1
E2246,S3450,C106,T103,SUB7,74.7
E2247,S3450,C106,T109,SUB4,92.3
E2248,S3450,C106,T121,SUB3,80.0
E2249,S3450,C106,T102,SUB8,84.1
E2250,S3450,C106,T113,SUB2,99.7
E2251,S3451,C105,T106,SUB8,61.6
E2252,S3451,C105,T114,SUB5,81.2
E2253,S3451,C105,T103,SUB7,73.0
E2254,S3451,C105,T111,SUB6,52.0
E2255,S3451,C105,T105,SUB1,50.7
E2256,S3452,C111,T115,SUB6,56.0
E2257,S3452,C111,T125,SUB1,82.5
E2258,S3452,C111,T110,SUB2,78.4
E2259,S3452,C111,T106,SUB7,77.7
E2260,S3452,C111,T103,SUB3,51.6
E2261,S3453,C107,T123,SUB5,73.5
E2262,S3453,C107,T109,SUB4,96.2
E2263,S3453,C107,T115,SUB6,69.9
E2264,S3453,C107,T108,SUB7,81.2
E2265,S3453,C107,T113,SUB8,89.0
E2266,S3454,C102,T117,SUB5,89.2
E2267,S3454,C102,T121,SUB2,76.0
E2268,S3454,C102,T106,SUB7,92.9
E2269,S3454,C102,T122,SUB4,69.6
E2270,S3454,C102,T119,SUB8,94.4
E2271,S3455,C112,T118,SUB2,62.0
E2272,S3455,C112,T120,SUB4,64.0
E2273,S3455,C112,T104,SUB8,52.7
E2274,S3455,C112,T112,SUB1,89.8
E2275,S3455,C112,T106,SUB3,70.9
E2276,S3456,C110,T110,SUB2,61.5
E2277,S3456,C110,T104,SUB8,ninety
E2278,S3456,C110,T111,SUB6,95.1
E2279,S3456,C110,T107,SUB3,91.7
E2280,S3456,C110,T114,SUB5,77.7
E2281,S3457,C101,T118,SUB2,80.8
E2282,S3457,C101,T120,SUB4,73.7
E2283,S3457,C101,T122,SUB3,69.6
E2284,S3457,C101,T117,SUB5,95.8
E2285,S3457,C101,T114,SUB8,56.3
E2286,S3458,C110,T124,SUB6,N/A
E2287,S3458,C110,T113,SUB2,67.2
E2288,S3458,C110,T103,SUB7,74.9
E2289,S3458,C110,T125,SUB1,72.9
E2290,S3458,C110,T122,SUB4,75.9
E2291,S3459,C110,T112,SUB1,57.0
E2292,S3459,C110,T113,SUB3,N/A
E2293,S3459,C110,T118,SUB8,62.1
E2294,S3459,C110,T101,SUB5,59.2
E2295,S3459,C110,T111,SUB6,53.2
E2296,S3460,C110,T113,SUB2,88.1
E2297,S3460,C110,T106,SUB7,71.4
E2298,S3460,C110,T120,SUB4,81.3
E2299,S3460,C110,T102,SUB3,86.4
E2300,S3460,C110,T117,SUB5,84.0
E2301,S3461,C108,T102,SUB2,73.5
E2302,S3461,C108,T103,SUB7,69.4
E2303,S3461,C108,T111,SUB3,68.8
E2304,S3461,C108,T117,SUB5,82.0
E2305,S3461,C108,T105,SUB1,74.7
E2306,S3462,C110,T119,SUB6,92.5
E2307,S3462,C110,T103,SUB7,93.7
E2308,S3462,C110,T114,SUB5,58.5
E2309,S3462,C110,T112,SUB1,56.8
E2310,S3462,C110,T113,SUB8,81.5
E2311,S3463,C103,T105,SUB3,65.1
E2312,S3463,C103,T110,SUB2,50.9
E2313,S3463,C103,T117,SUB5,94.4
E2314,S3463,C103,T104,SUB4,61.3
E2315,S3463,C103,T105,SUB1,96.5
E2316,S3464,C101,T103,SUB8,85.9
E2317,S3464,C101,T110,SUB3,88.1
E2318,S3464,C101,T106,SUB7,60.1
E2319,S3464,C101,T109,SUB4,61.7
E2320,S3464,C101,T121,SUB2,76.1
E2321,S3465,C104,T102,SUB2,58.6
E2322,S3465,C104,T112,SUB1,65.3
E2323,S3465,C104,T109,SUB4,66.1
E2324,S3465,C104,T106,SUB7,58.0
E2325,S3465,C104,T119,SUB8,60.3
E2326,S3466,C103,T111,SUB6,89.4
E2327,S3466,C103,T103,SUB7,58.4
E2328,S3466,C103,T113,SUB3,51.4
E2329,S3466,C103,T109,SUB4,81.5
E2330,S3466,C103,T110,SUB2,98.8
E2331,S3467,C101,T103,SUB7,66.6
E2332,S3467,C101,T102,SUB2,55.9
E2333,S3467,C101,T115,SUB6,ninety
E2334,S3467,C101,T115,SUB3,95.3
E2335,S3467,C101,T105,SUB1,89.2
E2336,S3468,C101,T112,SUB8,81.1
E2337,S3468,C101,T105,SUB3,65.8
E2338,S3468,C101,T106,SUB7,77.1
E2339,S3468,C101,T105,SUB1,54.6
E2340,S3468,C101,T114,SUB5,83.9
E2341,S3469,C111,T103,SUB7,86.3
E2342,S3469,C111,T119,SUB6,98.3
E2343,S3469,C111,T122,SUB4,63.0
E2344,S3469,C111,T102,SUB2,50.9
E2345,S3469,C111,T121,SUB3,77.3
E2346,S3470,C102,T118,SUB2,85.3
E2347,S3470,C102,T103,SUB8,89.5
E2348,S3470,C102,T112,SUB1,59.7
E2349,S3470,C102,T124,SUB6,63.1
E2350,S3470,C102,T101,SUB5,75.6
E2351,S3471,C108,T114,SUB5,66.5
E2352,S3471,C108,T120,SUB4,93.0
E2353,S3471,C108,T102,SUB2,73.7
E2354,S3471,C108,T124,SUB6,90.0
E2355,S3471,C108,T123,SUB8,79.0
E2356,S3472,C112,T119,SUB6,88.7
E2357,S3472,C112,T105,SUB8,66.6
E2358,S3472,C112,T125,SUB1,91.6
E2359,S3472,C112,T113,SUB2,ninety
E2360,S3472,C112,T114,SUB5,77.3
E2361,S3473,C107,T116,SUB3,60.7
E2362,S3473,C107,T124,SUB6,73.8
E2363,S3473,C107,T112,SUB1,65.9
E2364,S3473,C107,T101,SUB5,63.3
E2365,S3473,C107,T110,SUB8,98.3
E2366,S3474,C108,T110,SUB3,58.0
E2367,S3474,C108,T106,SUB7,89.4
E2368,S3474,C108,T121,SUB2,99.2
E2369,S3474,C108,T125,SUB1,51.0
E2370,S3474,C108,T117,SUB5,85.0
E2371,S3475,C111,T117,SUB8,62.6
E2372,S3475,C111,T125,SUB1,52.0
E2373,S3475,C111,T109,SUB3,70.1
E2374,S3475,C111,T111,SUB6,96.8
E2375,S3475,C111,T117,SUB5,50.6
E2376,S3476,C105,T119,SUB3,79.4
E2377,S3476,C105,T114,SUB8,75.1
E2378,S3476,C105,T104,SUB4,93.7
E2379,S3476,C105,T112,SUB1,54.2
E2380,S3476,C105,T113,SUB2,84.1
E2381,S3477,C105,T111,SUB8,84.0
E2382,S3477,C105,T117,SUB5,83.5
E2383,S3477,C105,T113,SUB2,97.1
E2384,S3477,C105,T102,SUB3,91.2
E2385,S3477,C105,T108,SUB7,52.1
E2386,S3478,C108,T113,SUB2,73.6
E2387,S3478,C108,T104,SUB4,69.9
E2388,S3478,C108,T108,SUB7,65.5
E2389,S3478,C108,T107,SUB5,72.6
E2390,S3478,C108,T110,SUB3,69.2
E2391,S3479,C103,T110,SUB3,ninety
E2392,S3479,C103,T102,SUB8,99.0
E2393,S3479,C103,T104,SUB4,54.4
E2394,S3479,C103,T106,SUB7,ninety
E2395,S3479,C103,T112,SUB1,74.0
E2396,S3480,C103,T112,SUB1,81.2
E2397,S3480,C103,T117,SUB8,91.5
E2398,S3480,C103,T125,SUB3,68.0
E2399,S3480,C103,T102,SUB2,71.5
E2400,S3480,C103,T115,SUB6,70.5
E2401,S3481,C108,T109,SUB4,N/A
E2402,S3481,C108,T112,SUB8,96.3
E2403,S3481,C108,T117,SUB5,91.4
E2404,S3481,C108,T105,SUB1,55.4
E2405,S3481,C108,T110,SUB3,55.4
E2406,S3482,C105,T122,SUB3,71.4
E2407,S3482,C105,T114,SUB5,54.9
E2408,S3482,C105,T109,SUB4,81.0
E2409,S3482,C105,T103,SUB8,57.2
E2410,S3482,C105,T121,SUB2,76.1
E2411,S3483,C104,T117,SUB3,50.4
E2412,S3483,C104,T120,SUB4,65.8
E2413,S3483,C104,T108,SUB7,83.9
E2414,S3483,C104,T112,SUB1,74.2
E2415,S3483,C104,T116,SUB2,98.9
E2416,S3484,C105,T106,SUB7,93.7
E2417,S3484,C105,T109,SUB4,68.0
E2418,S3484,C105,T112,SUB1,52.3
E2419,S3484,C105,T123,SUB5,92.3
E2420,S3484,C105,T115,SUB6,95.6
E2421,S3485,C112,T101,SUB5,91.0
E2422,S3485,C112,T125,SUB1,56.4
E2423,S3485,C112,T104,SUB4,99.9
E2424,S3485,C112,T113,SUB2,62.9
E2425,S3485,C112,T111,SUB6,86.2
E2426,S3486,C103,T121,SUB2,95.4
E2427,S3486,C103,T103,SUB7,61.8
E2428,S3486,C103,T119,SUB3,95.4
E2429,S3486,C103,T101,SUB5,65.5
E2430,S3486,C103,T109,SUB4,98.8
E2431,S3487,C112,T121,SUB8,64.1
E2432,S3487,C112,T102,SUB2,97.7
E2433,S3487,C112,T108,SUB7,52.7
E2434,S3487,C112,T111,SUB6,85.5
E2435,S3487,C112,T105,SUB3,76.6
E2436,S3488,C101,T102,SUB2,73.9
E2437,S3488,C101,T123,SUB5,61.2
E2438,S3488,C101,T105,SUB1,85.3
E2439,S3488,C101,T110,SUB8,59.5
E2440,S3488,C101,T103,SUB7,77.6
E2441,S3489,C101,T117,SUB5,62.7
E2442,S3489,C101,T103,SUB7,97.8
E2443,S3489,C101,T124,SUB8,51.4
E2444,S3489,C101,T109,SUB4,60.0
E2445,S3489,C101,T125,SUB1,62.1
E2446,S3490,C110,T119,SUB8,70.7
E2447,S3490,C110,T120,SUB4,61.6
E2448,S3490,C110,T123,SUB3,74.6
E2449,S3490,C110,T124,SUB6,93.6
E2450,S3490,C110,T112,SUB1,85.6
E2451,S3491,C104,T101,SUB5,79.0
E2452,S3491,C104,T104,SUB4,54.5
E2453,S3491,C104,T125,SUB1,84.7
E2454,S3491,C104,T102,SUB8,58.3
E2455,S3491,C104,T106,SUB7,89.3
E2456,S3492,C103,T106,SUB8,62.5
E2457,S3492,C103,T115,SUB6,70.9
E2458,S3492,C103,T122,SUB4,67.5
E2459,S3492,C103,T106,SUB3,92.9
E2460,S3492,C103,T112,SUB1,56.3
E2461,S3493,C110,T119,SUB6,78.3
E2462,S3493,C110,T104,SUB4,57.1
E2463,S3493,C110,T121,SUB8,85.2
E2464,S3493,C110,T116,SUB2,95.3
E2465,S3493,C110,T106,SUB3,71.7
E2466,S3494,C101,T123,SUB5,74.4
E2467,S3494,C101,T116,SUB2,96.4
E2468,S3494,C101,T111,SUB6,76.0
E2469,S3494,C101,T106,SUB3,74.4
E2470,S3494,C101,T122,SUB8,78.9
E2471,S3495,C112,T106,SUB8,84.5
E2472,S3495,C112,T113,SUB3,55.3
E2473,S3495,C112,T116,SUB2,91.1
E2474,S3495,C112,T111,SUB6,71.8
E2475,S3495,C112,T105,SUB1,N/A
E2476,S3496,C111,T110,SUB2,89.3
E2477,S3496,C111,T122,SUB4,68.8
E2478,S3496,C111,T121,SUB3,55.0
E2479,S3496,C111,T107,SUB5,81.7
E2480,S3496,C111,T112,SUB1,94.0
E2481,S3497,C105,T123,SUB5,94.4
E2482,S3497,C105,T110,SUB2,97.9
E2483,S3497,C105,T103,SUB7,93.4
E2484,S3497,C105,T111,SUB6,50.1
E2485,S3497,C105,T109,SUB4,69.0
E2486,S3498,C104,T119,SUB6,90.9
E2487,S3498,C104,T108,SUB7,68.3
E2488,S3498,C104,T122,SUB4,80.1
E2489,S3498,C104,T107,SUB5,80.3
E2490,S3498,C104,T112,SUB1,68.3
E2491,S3499,C109,T124,SUB6,95.2
E2492,S3499,C109,T117,SUB5,75.2
E2493,S3499,C109,T108,SUB7,73.2
E2494,S3499,C109,T118,SUB2,99.9
E2495,S3499,C109,T105,SUB1,74.7
E2496,S3500,C109,T105,SUB1,58.9
E2497,S3500,C109,T114,SUB5,75.7
E2498,S3500,C109,T106,SUB7,90.7
E2499,S3500,C109,T112,SUB3,88.8
E2500,S3500,C109,T106,SUB8,89.4
E2501,S3501,C101,T116,SUB2,85.4
E2502,S3501,C101,T123,SUB5,62.7
E2503,S3501,C101,T103,SUB7,93.1
E2504,S3501,C101,T109,SUB8,94.7
E2505,S3501,C101,T102,SUB3,59.7
E2506,S3502,C101,T107,SUB5,56.5
E2507,S3502,C101,T121,SUB2,98.8
E2508,S3502,C101,T125,SUB3,93.4
E2509,S3502,C101,T105,SUB1,94.7
E2510,S3502,C101,T103,SUB7,94.3
E2511,S3503,C107,T125,SUB1,77.1
E2512,S3503,C107,T105,SUB3,82.3
E2513,S3503,C107,T102,SUB8,77.3
E2514,S3503,C107,T122,SUB4,52.6
E2515,S3503,C107,T119,SUB6,87.3
E2516,S3504,C111,T101,SUB5,75.3
E2517,S3504,C111,T103,SUB7,82.4
E2518,S3504,C111,T116,SUB2,75.1
E2519,S3504,C111,T125,SUB1,ninety
E2520,S3504,C111,T116,SUB8,58.6
E2521,S3505,C102,T108,SUB7,63.9
E2522,S3505,C102,T124,SUB6,57.9
E2523,S3505,C102,T118,SUB2,59.8
E2524,S3505,C102,T120,SUB4,98.6
E2525,S3505,C102,T114,SUB5,57.7
E2526,S3506,C107,T105,SUB1,63.5
E2527,S3506,C107,T118,SUB2,79.5
E2528,S3506,C107,T103,SUB7,80.5
E2529,S3506,C107,T108,SUB8,57.7
E2530,S3506,C107,T101,SUB5,89.7
E2531,S3507,C103,T112,SUB8,89.3
E2532,S3507,C103,T110,SUB2,61.9
E2533,S3507,C103,T105,SUB3,64.4
E2534,S3507,C103,T112,SUB1,96.9
E2535,S3507,C103,T111,SUB6,91.3
E2536,S3508,C101,T122,SUB4,84.9
E2537,S3508,C101,T112,SUB8,54.1
E2538,S3508,C101,T119,SUB6,70.9
E2539,S3508,C101,T108,SUB3,78.0
E2540,S3508,C101,T113,SUB2,59.4
E2541,S3509,C112,T113,SUB2,72.4
E2542,S3509,C112,T105,SUB1,80.1
E2543,S3509,C112,T117,SUB3,66.4
E2544,S3509,C112,T109,SUB4,89.0
E2545,S3509,C112,T107,SUB5,N/A
E2546,S3510,C112,T104,SUB4,66.2
E2547,S3510,C112,T111,SUB6,91.9
E2548,S3510,C112,T119,SUB8,55.2
E2549,S3510,C112,T103,SUB7,91.9
E2550,S3510,C112,T125,SUB1,57.6
E2551,S3511,C102,T105,SUB1,54.1
E2552,S3511,C102,T106,SUB7,82.1
E2553,S3511,C102,T122,SUB4,73.6
E2554,S3511,C102,T119,SUB6,N/A
E2555,S3511,C102,T114,SUB5,68.2
E2556,S3512,C105,T111,SUB6,64.4
E2557,S3512,C105,T108,SUB7,75.0
E2558,S3512,C105,T114,SUB3,72.8
E2559,S3512,C105,T101,SUB5,67.2
E2560,S3512,C105,T118,SUB2,84.7
E2561,S3513,C105,T123,SUB5,88.0
E2562,S3513,C105,T108,SUB7,92.6
E2563,S3513,C105,T113,SUB8,98.6
E2564,S3513,C105,T109,SUB4,63.3
E2565,S3513,C105,T111,SUB6,85.8
E2566,S3514,C102,T114,SUB5,69.7
E2567,S3514,C102,T105,SUB1,83.9
E2568,S3514,C102,T113,SUB2,73.8
E2569,S3514,C102,T109,SUB8,99.7
E2570,S3514,C102,T125,SUB3,86.4
E2571,S3515,C106,T110,SUB2,97.6
E2572,S3515,C106,T101,SUB3,91.7
E2573,S3515,C106,T117,SUB5,N/A
E2574,S3515,C106,T106,SUB7,90.7
E2575,S3515,C106,T115,SUB6,73.0
E2576,S3516,C101,T102,SUB2,62.6
E2577,S3516,C101,T109,SUB3,68.5
E2578,S3516,C101,T114,SUB5,51.0
E2579,S3516,C101,T124,SUB6,76.2
E2580,S3516,C101,T108,SUB7,75.3
E2581,S3517,C103,T125,SUB1,76.3
E2582,S3517,C103,T116,SUB2,98.7
E2583,S3517,C103,T102,SUB8,95.6
E2584,S3517,C103,T115,SUB6,58.1
E2585,S3517,C103,T108,SUB7,68.4
E2586,S3518,C109,T123,SUB5,71.2
E2587,S3518,C109,T105,SUB1,68.0
E2588,S3518,C109,T124,SUB6,89.9
E2589,S3518,C109,T103,SUB3,76.2
E2590,S3518,C109,T106,SUB7,78.6
E2591,S3519,C112,T103,SUB7,ninety
E2592,S3519,C112,T125,SUB1,90.3
E2593,S3519,C112,T119,SUB6,56.6
E2594,S3519,C112,T120,SUB4,85.7
E2595,S3519,C112,T110,SUB3,71.8
E2596,S3520,C109,T119,SUB3,ninety
E2597,S3520,C109,T120,SUB8,52.5
E2598,S3520,C109,T112,SUB1,74.4
E2599,S3520,C109,T108,SUB7,67.8
E2600,S3520,C109,T118,SUB2,62.6
E2601,S3521,C111,T122,SUB4,84.7
E2602,S3521,C111,T121,SUB8,88.5
E2603,S3521,C111,T101,SUB5,62.2
E2604,S3521,C111,T105,SUB1,52.5
E2605,S3521,C111,T118,SUB2,92.4
E2606,S3522,C109,T108,SUB7,50.5
E2607,S3522,C109,T123,SUB5,96.9
E2608,S3522,C109,T119,SUB6,81.4
E2609,S3522,C109,T125,SUB1,66.1
E2610,S3522,C109,T108,SUB8,62.3
E2611,S3523,C111,T115,SUB6,50.5
E2612,S3523,C111,T116,SUB2,61.8
E2613,S3523,C111,T120,SUB4,56.9
E2614,S3523,C111,T103,SUB3,80.6
E2615,S3523,C111,T125,SUB1,58.3
E2616,S3524,C102,T109,SUB4,76.4
E2617,S3524,C102,T114,SUB8,79.5
E2618,S3524,C102,T108,SUB7,64.9
E2619,S3524,C102,T113,SUB2,51.8
E2620,S3524,C102,T114,SUB5,51.9
E2621,S3525,C111,T118,SUB2,51.3
E2622,S3525,C111,T109,SUB4,87.0
E2623,S3525,C111,T106,SUB7,ninety
E2624,S3525,C111,T101,SUB5,89.8
E2625,S3525,C111,T125,SUB8,71.6
E2626,S3526,C102,T114,SUB8,ninety
E2627,S3526,C102,T115,SUB6,75.6
E2628,S3526,C102,T105,SUB1,85.7
E2629,S3526,C102,T118,SUB2,63.7
E2630,S3526,C102,T106,SUB7,56.1
E2631,S3527,C108,T103,SUB7,77.8
E2632,S3527,C108,T119,SUB6,66.3
E2633,S3527,C108,T123,SUB5,72.1
E2634,S3527,C108,T121,SUB2,N/A
E2635,S3527,C108,T124,SUB3,74.7
E2636,S3528,C105,T110,SUB8,81.0
E2637,S3528,C105,T109,SUB4,77.2
E2638,S3528,C105,T111,SUB6,87.0
E2639,S3528,C105,T103,SUB7,85.3
E2640,S3528,C105,T114,SUB5,76.7
E2641,S3529,C111,T117,SUB8,83.9
E2642,S3529,C111,T120,SUB4,93.7
E2643,S3529,C111,T104,SUB3,71.6
E2644,S3529,C111,T106,SUB7,70.6
E2645,S3529,C111,T118,SUB2,88.2
E2646,S3530,C101,T103,SUB7,79.1
E2647,S3530,C101,T102,SUB3,53.6
E2648,S3530,C101,T124,SUB8,94.6
E2649,S3530,C101,T109,SUB4,51.5
E2650,S3530,C101,T119,SUB6,87.4
E2651,S3531,C111,T111,SUB6,87.9
E2652,S3531,C111,T112,SUB1,97.7
E2653,S3531,C111,T106,SUB3,52.7
E2654,S3531,C111,T109,SUB8,79.8
E2655,S3531,C111,T102,SUB2,71.4
E2656,S3532,C110,T101,SUB5,66.5
E2657,S3532,C110,T102,SUB2,54.5
E2658,S3532,C110,T125,SUB1,78.1
E2659,S3532,C110,T103,SUB7,ninety
E2660,S3532,C110,T101,SUB8,55.2
E2661,S3533,C105,T117,SUB5,80.6
E2662,S3533,C105,T104,SUB8,86.9
E2663,S3533,C105,T104,SUB4,88.4
E2664,S3533,C105,T124,SUB6,95.3
E2665,S3533,C105,T102,SUB2,70.5
E2666,S3534,C111,T101,SUB5,97.7
E2667,S3534,C111,T115,SUB6,93.3
E2668,S3534,C111,T106,SUB7,64.8
E2669,S3534,C111,T112,SUB1,58.0
E2670,S3534,C111,T121,SUB3,71.8
E2671,S3535,C110,T116,SUB2,70.1
E2672,S3535,C110,T119,SUB6,78.8
E2673,S3535,C110,T108,SUB7,79.2
E2674,S3535,C110,T121,SUB3,N/A
E2675,S3535,C110,T125,SUB1,75.5
E2676,S3536,C108,T109,SUB4,55.2
E2677,S3536,C108,T110,SUB2,92.9
E2678,S3536,C108,T107,SUB5,65.5
E2679,S3536,C108,T110,SUB8,98.6
E2680,S3536,C108,T108,SUB7,55.9
E2681,S3537,C104,T109,SUB4,97.9
E2682,S3537,C104,T105,SUB1,54.6
E2683,S3537,C104,T109,SUB8,61.6
E2684,S3537,C104,T108,SUB7,52.3
E2685,S3537,C104,T119,SUB6,85.3
E2686,S3538,C111,T116,SUB3,92.5
E2687,S3538,C111,T113,SUB8,71.7
E2688,S3538,C111,T118,SUB2,96.4
E2689,S3538,C111,T103,SUB7,79.5
E2690,S3538,C111,T120,SUB4,81.5
E2691,S3539,C104,T106,SUB8,92.3
E2692,S3539,C104,T111,SUB3,64.8
E2693,S3539,C104,T113,SUB2,67.7
E2694,S3539,C104,T109,SUB4,95.3
E2695,S3539,C104,T112,SUB1,95.0
E2696,S3540,C107,T110,SUB8,98.8
E2697,S3540,C107,T107,SUB5,95.1
E2698,S3540,C107,T122,SUB4,56.4
E2699,S3540,C107,T113,SUB2,91.2
E2700,S3540,C107,T112,SUB1,70.5
E2701,S3541,C108,T109,SUB8,99.5
E2702,S3541,C108,T109,SUB4,73.6
E2703,S3541,C108,T103,SUB7,77.7
E2704,S3541,C108,T114,SUB3,76.5
E2705,S3541,C108,T105,SUB1,66.1
E2706,S3542,C109,T118,SUB2,53.8
E2707,S3542,C109,T101,SUB5,94.8
E2708,S3542,C109,T103,SUB7,90.1
E2709,S3542,C109,T111,SUB3,57.0
E2710,S3542,C109,T125,SUB8,88.8
E2711,S3543,C108,T113,SUB2,81.3
E2712,S3543,C108,T115,SUB6,70.5
E2713,S3543,C108,T112,SUB1,62.7
E2714,S3543,C108,T107,SUB5,93.0
E2715,S3543,C108,T106,SUB8,85.0
E2716,S3544,C107,T111,SUB6,N/A
E2717,S3544,C107,T104,SUB4,80.5
E2718,S3544,C107,T118,SUB2,54.6
E2719,S3544,C107,T117,SUB5,73.7
E2720,S3544,C107,T102,SUB8,59.7
E2721,S3545,C106,T114,SUB5,60.4
E2722,S3545,C106,T112,SUB1,83.1
E2723,S3545,C106,T110,SUB2,95.6
E2724,S3545,C106,T119,SUB6,70.2
E2725,S3545,C106,T103,SUB7,60.4
E2726,S3546,C101,T103,SUB7,82.4
E2727,S3546,C101,T112,SUB1,93.6
E2728,S3546,C101,T120,SUB8,87.4
E2729,S3546,C101,T114,SUB5,93.4
E2730,S3546,C101,T121,SUB2,ninety
E2731,S3547,C104,T123,SUB5,87.6
E2732,S3547,C104,T120,SUB4,57.0
E2733,S3547,C104,T110,SUB2,67.4
E2734,S3547,C104,T125,SUB1,69.5
E2735,S3547,C104,T110,SUB3,75.6
E2736,S3548,C108,T120,SUB4,96.5
E2737,S3548,C108,T123,SUB8,93.7
E2738,S3548,C108,T105,SUB1,56.7
E2739,S3548,C108,T103,SUB7,58.6
E2740,S3548,C108,T107,SUB5,67.9
E2741,S3549,C111,T105,SUB8,64.5
E2742,S3549,C111,T101,SUB5,80.7
E2743,S3549,C111,T105,SUB1,95.1
E2744,S3549,C111,T116,SUB3,98.1
E2745,S3549,C111,T103,SUB7,82.7
E2746,S3550,C104,T102,SUB8,91.9
E2747,S3550,C104,T114,SUB5,76.3
E2748,S3550,C104,T119,SUB6,60.4
E2749,S3550,C104,T103,SUB7,76.2
E2750,S3550,C104,T118,SUB2,77.8
E2751,S3551,C102,T125,SUB1,87.1
E2752,S3551,C102,T121,SUB3,61.0
E2753,S3551,C102,T124,SUB6,68.4
E2754,S3551,C102,T118,SUB2,68.2
E2755,S3551,C102,T104,SUB4,98.0
E2756,S3552,C109,T103,SUB7,72.2
E2757,S3552,C109,T111,SUB6,87.8
E2758,S3552,C109,T112,SUB1,87.5
E2759,S3552,C109,T104,SUB4,N/A
E2760,S3552,C109,T116,SUB2,78.6
E2761,S3553,C110,T113,SUB8,ninety
E2762,S3553,C110,T102,SUB2,73.8
E2763,S3553,C110,T119,SUB6,97.3
E2764,S3553,C110,T114,SUB5,60.7
E2765,S3553,C110,T120,SUB4,53.7
E2766,S3554,C111,T120,SUB3,94.6
E2767,S3554,C111,T113,SUB2,92.4
E2768,S3554,C111,T109,SUB8,99.6
E2769,S3554,C111,T107,SUB5,84.0
E2770,S3554,C111,T108,SUB7,96.8
E2771,S3555,C112,T111,SUB3,91.3
E2772,S3555,C112,T110,SUB2,92.2
E2773,S3555,C112,T101,SUB5,78.5
E2774,S3555,C112,T109,SUB4,69.1
E2775,S3555,C112,T105,SUB1,96.7
E2776,S3556,C105,T115,SUB6,71.6
E2777,S3556,C105,T125,SUB1,76.9
E2778,S3556,C105,T103,SUB7,72.3
E2779,S3556,C105,T101,SUB5,78.2
E2780,S3556,C105,T120,SUB4,73.5
E2781,S3557,C105,T108,SUB7,52.4
E2782,S3557,C105,T114,SUB5,94.1
E2783,S3557,C105,T115,SUB6,72.2
E2784,S3557,C105,T105,SUB3,79.4
E2785,S3557,C105,T107,SUB8,57.0
E2786,S3558,C103,T114,SUB5,50.2
E2787,S3558,C103,T119,SUB8,62.3
E2788,S3558,C103,T125,SUB1,85.2
E2789,S3558,C103,T121,SUB2,55.0
E2790,S3558,C103,T109,SUB4,95.4
E2791,S3559,C105,T109,SUB4,60.8
E2792,S3559,C105,T102,SUB2,60.2
E2793,S3559,C105,T105,SUB1,59.1
E2794,S3559,C105,T117,SUB5,50.7
E2795,S3559,C105,T106,SUB7,88.6
E2796,S3560,C101,T116,SUB2,93.8
E2797,S3560,C101,T112,SUB8,80.7
E2798,S3560,C101,T123,SUB5,59.4
E2799,S3560,C101,T104,SUB4,64.3
E2800,S3560,C101,T115,SUB6,73.8
E2801,S3561,C108,T117,SUB5,97.7
E2802,S3561,C108,T119,SUB6,62.4
E2803,S3561,C108,T118,SUB2,86.6
E2804,S3561,C108,T120,SUB4,72.0
E2805,S3561,C108,T112,SUB8,64.9
E2806,S3562,C105,T124,SUB6,72.8
E2807,S3562,C105,T124,SUB8,53.6
E2808,S3562,C105,T109,SUB4,89.9
E2809,S3562,C105,T118,SUB2,62.2
E2810,S3562,C105,T123,SUB5,86.3
E2811,S3563,C109,T118,SUB2,53.4
E2812,S3563,C109,T121,SUB3,97.8
E2813,S3563,C109,T106,SUB7,59.7
E2814,S3563,C109,T114,SUB5,94.1
E2815,S3563,C109,T105,SUB1,90.5
E2816,S3564,C110,T112,SUB1,98.4
E2817,S3564,C110,T108,SUB7,73.9
E2818,S3564,C110,T111,SUB6,N/A
E2819,S3564,C110,T104,SUB4,68.5
E2820,S3564,C110,T107,SUB5,59.2
E2821,S3565,C108,T104,SUB3,72.2
E2822,S3565,C108,T108,SUB7,58.3
E2823,S3565,C108,T113,SUB2,99.1
E2824,S3565,C108,T125,SUB1,54.8
E2825,S3565,C108,T109,SUB4,79.5
E2826,S3566,C107,T125,SUB1,81.3
E2827,S3566,C107,T112,SUB3,76.9
E2828,S3566,C107,T124,SUB6,83.1
E2829,S3566,C107,T108,SUB7,55.8
E2830,S3566,C107,T102,SUB2,77.8
E2831,S3567,C103,T115,SUB3,N/A
E2832,S3567,C103,T115,SUB6,97.0
E2833,S3567,C103,T114,SUB8,88.1
E2834,S3567,C103,T125,SUB1,98.6
E2835,S3567,C103,T102,SUB2,51.9
E2836,S3568,C112,T124,SUB6,64.3
E2837,S3568,C112,T105,SUB1,59.8
E2838,S3568,C112,T103,SUB3,50.6
E2839,S3568,C112,T104,SUB4,62.1
E2840,S3568,C112,T103,SUB7,83.9
E2841,S3569,C101,T115,SUB6,61.6
E2842,S3569,C101,T109,SUB4,75.5
E2843,S3569,C101,T112,SUB1,94.4
E2844,S3569,C101,T110,SUB2,84.7
E2845,S3569,C101,T119,SUB3,69.7
E2846,S3570,C104,T109,SUB4,68.6
E2847,S3570,C104,T106,SUB7,72.8
E2848,S3570,C104,T113,SUB2,58.9
E2849,S3570,C104,T112,SUB3,81.7
E2850,S3570,C104,T119,SUB6,68.2
E2851,S3571,C106,T119,SUB8,92.6
E2852,S3571,C106,T108,SUB7,87.8
E2853,S3571,C106,T124,SUB6,80.5
E2854,S3571,C106,T121,SUB2,68.2
E2855,S3571,C106,T105,SUB1,60.5
E2856,S3572,C109,T107,SUB5,88.8
E2857,S3572,C109,T105,SUB1,74.3
E2858,S3572,C109,T117,SUB8,61.2
E2859,S3572,C109,T110,SUB2,59.8
E2860,S3572,C109,T115,SUB3,58.3
E2861,S3573,C106,T119,SUB6,88.9
E2862,S3573,C106,T114,SUB5,61.4
E2863,S3573,C106,T104,SUB4,76.3
E2864,S3573,C106,T106,SUB7,72.6
E2865,S3573,C106,T125,SUB1,79.0
E2866,S3574,C103,T118,SUB3,93.9
E2867,S3574,C103,T101,SUB8,93.4
E2868,S3574,C103,T108,SUB7,72.6
E2869,S3574,C103,T118,SUB2,50.8
E2870,S3574,C103,T122,SUB4,71.3
E2871,S3575,C112,T122,SUB4,80.3
E2872,S3575,C112,T110,SUB3,N/A
E2873,S3575,C112,T115,SUB6,82.6
E2874,S3575,C112,T108,SUB7,57.7
E2875,S3575,C112,T117,SUB5,82.3
E2876,S3576,C105,T106,SUB7,59.1
E2877,S3576,C105,T123,SUB5,87.5
E2878,S3576,C105,T125,SUB1,67.0
E2879,S3576,C105,T110,SUB2,85.5
E2880,S3576,C105,T102,SUB8,52.4
E2881,S3577,C101,T117,SUB5,70.4
E2882,S3577,C101,T103,SUB7,85.3
E2883,S3577,C101,T110,SUB2,61.3
E2884,S3577,C101,T110,SUB3,89.8
E2885,S3577,C101,T109,SUB4,81.5
E2886,S3578,C111,T120,SUB4,ninety
E2887,S3578,C111,T106,SUB8,67.7
E2888,S3578,C111,T112,SUB1,74.1
E2889,S3578,C111,T116,SUB2,79.9
E2890,S3578,C111,T117,SUB5,73.6
E2891,S3579,C112,T105,SUB8,84.9
E2892,S3579,C112,T115,SUB6,71.7
E2893,S3579,C112,T113,SUB2,60.1
E2894,S3579,C112,T125,SUB1,60.7
E2895,S3579,C112,T122,SUB4,50.3
E2896,S3580,C101,T110,SUB2,65.0
E2897,S3580,C101,T106,SUB3,87.4
E2898,S3580,C101,T120,SUB4,89.7
E2899,S3580,C101,T123,SUB5,60.1
E2900,S3580,C101,T125,SUB1,98.0
E2901,S3581,C104,T106,SUB7,75.1
E2902,S3581,C104,T105,SUB1,95.8
E2903,S3581,C104,T111,SUB6,85.3
E2904,S3581,C104,T121,SUB2,86.1
E2905,S3581,C104,T107,SUB5,54.3
E2906,S3582,C104,T106,SUB7,61.0
E2907,S3582,C104,T124,SUB6,50.4
E2908,S3582,C104,T104,SUB4,85.8
E2909,S3582,C104,T105,SUB1,67.2
E2910,S3582,C104,T124,SUB3,89.3
E2911,S3583,C109,T103,SUB7,66.9
E2912,S3583,C109,T113,SUB8,91.0
E2913,S3583,C109,T105,SUB1,56.5
E2914,S3583,C109,T121,SUB2,58.7
E2915,S3583,C109,T125,SUB3,67.0
E2916,S3584,C111,T108,SUB7,70.4
E2917,S3584,C111,T116,SUB3,67.4
E2918,S3584,C111,T119,SUB6,88.2
E2919,S3584,C111,T105,SUB1,54.8
E2920,S3584,C111,T122,SUB4,67.6
E2921,S3585,C104,T110,SUB2,91.9
E2922,S3585,C104,T120,SUB8,53.3
E2923,S3585,C104,T112,SUB1,97.1
E2924,S3585,C104,T115,SUB3,99.3
E2925,S3585,C104,T101,SUB5,54.4
E2926,S3586,C110,T109,SUB8,64.6
E2927,S3586,C110,T122,SUB3,68.6
E2928,S3586,C110,T105,SUB1,88.8
E2929,S3586,C110,T107,SUB5,79.8
E2930,S3586,C110,T106,SUB7,ninety
E2931,S3587,C108,T119,SUB6,87.9
E2932,S3587,C108,T118,SUB3,55.9
E2933,S3587,C108,T108,SUB8,91.7
E2934,S3587,C108,T125,SUB1,85.3
E2935,S3587,C108,T107,SUB5,78.9
E2936,S3588,C107,T108,SUB7,94.5
E2937,S3588,C107,T119,SUB3,85.0
E2938,S3588,C107,T103,SUB8,60.1
E2939,S3588,C107,T104,SUB4,71.5
E2940,S3588,C107,T121,SUB2,74.7
E2941,S3589,C106,T121,SUB2,52.8
E2942,S3589,C106,T122,SUB4,97.7
E2943,S3589,C106,T107,SUB5,56.4
E2944,S3589,C106,T112,SUB1,84.9
E2945,S3589,C106,T124,SUB3,75.3
E2946,S3590,C106,T106,SUB7,51.3
E2947,S3590,C106,T125,SUB1,96.2
E2948,S3590,C106,T110,SUB2,92.6
E2949,S3590,C106,T101,SUB5,76.2
E2950,S3590,C106,T116,SUB3,61.4
E2951,S3591,C104,T108,SUB7,56.1
E2952,S3591,C104,T120,SUB3,68.2
E2953,S3591,C104,T115,SUB6,62.8
E2954,S3591,C104,T113,SUB2,ninety
E2955,S3591,C104,T107,SUB8,ninety
E2956,S3592,C103,T106,SUB7,78.7
E2957,S3592,C103,T119,SUB6,94.5
E2958,S3592,C103,T110,SUB2,ninety
E2959,S3592,C103,T111,SUB3,73.8
E2960,S3592,C103,T123,SUB5,92.7
E2961,S3593,C101,T118,SUB8,73.6
E2962,S3593,C101,T123,SUB5,ninety
E2963,S3593,C101,T120,SUB4,64.6
E2964,S3593,C101,T106,SUB7,56.4
E2965,S3593,C101,T124,SUB3,92.8
E2966,S3594,C109,T102,SUB3,79.4
E2967,S3594,C109,T111,SUB6,94.5
E2968,S3594,C109,T120,SUB4,96.9
E2969,S3594,C109,T124,SUB8,52.7
E2970,S3594,C109,T106,SUB7,75.0
E2971,S3595,C103,T115,SUB6,68.7
E2972,S3595,C103,T109,SUB4,81.3
E2973,S3595,C103,T119,SUB8,89.7
E2974,S3595,C103,T103,SUB7,64.0
E2975,S3595,C103,T112,SUB1,77.8
E2976,S3596,C112,T113,SUB8,85.4
E2977,S3596,C112,T102,SUB2,56.7
E2978,S3596,C112,T109,SUB4,90.7
E2979,S3596,C112,T101,SUB5,80.3
E2980,S3596,C112,T103,SUB7,97.5
E2981,S3597,C107,T106,SUB7,67.0
E2982,S3597,C107,T114,SUB5,55.4
E2983,S3597,C107,T120,SUB4,75.3
E2984,S3597,C107,T122,SUB3,54.3
E2985,S3597,C107,T121,SUB2,98.5
E2986,S3598,C102,T115,SUB6,51.9
E2987,S3598,C102,T117,SUB5,87.7
E2988,S3598,C102,T106,SUB7,76.3
E2989,S3598,C102,T115,SUB8,68.4
E2990,S3598,C102,T109,SUB4,53.3
E2991,S3599,C101,T125,SUB1,81.1
E2992,S3599,C101,T117,SUB5,79.3
E2993,S3599,C101,T114,SUB3,64.0
E2994,S3599,C101,T122,SUB4,95.5
E2995,S3599,C101,T102,SUB2,65.2
E2996,S3600,C106,T120,SUB3,72.5
E2997,S3600,C106,T117,SUB5,77.2
E2998,S3600,C106,T106,SUB7,55.0
E2999,S3600,C106,T115,SUB6,96.6
E3000,S3600,C106,T112,SUB1,68.7
E3001,S9315,C106,T115,SUB6,54.0
E3002,S9315,C106,T105,SUB1,69.4
E3003,S9315,C106,T124,SUB8,80.0
E3004,S9315,C106,T107,SUB5,75.7
E3005,S9315,C106,T109,SUB4,84.7
E3006,S9344,C106,T117,SUB5,52.8
E3007,S9344,C106,T125,SUB1,64.2
E3008,S9344,C106,T103,SUB7,91.0
E3009,S9344,C106,T116,SUB2,54.0
E3010,S9344,C106,T104,SUB4,92.8
E3011,S9456,C101,T111,SUB6,ninety
E3012,S9456,C101,T103,SUB7,91.7
E3013,S9456,C101,T116,SUB2,68.0
E3014,S9456,C101,T116,SUB8,80.6
E3015,S9456,C101,T104,SUB4,57.6
E3016,S9324,C101,T117,SUB5,53.3
E3017,S9324,C101,T111,SUB6,60.8
E3018,S9324,C101,T113,SUB8,56.4
E3019,S9324,C101,T125,SUB1,65.6
E3020,S9324,C101,T106,SUB7,75.7
E3021,S9123,C101,T109,SUB8,79.4
E3022,S9123,C101,T104,SUB4,89.5
E3023,S9123,C101,T112,SUB1,82.8
E3024,S9123,C101,T119,SUB6,80.4
E3025,S9123,C101,T110,SUB2,70.6
E3026,S9128,C105,T122,SUB4,73.7
E3027,S9128,C105,T116,SUB3,70.7
E3028,S9128,C105,T112,SUB1,92.1
E3029,S9128,C105,T108,SUB7,61.5
E3030,S9128,C105,T124,SUB6,50.3
E3031,S9436,C110,T123,SUB5,82.6
E3032,S9436,C110,T108,SUB8,60.1
E3033,S9436,C110,T125,SUB1,94.5
E3034,S9436,C110,T113,SUB2,93.0
E3035,S9436,C110,T108,SUB7,53.8
E3036,S9178,C106,T107,SUB5,55.3
E3037,S9178,C106,T109,SUB4,74.8
E3038,S9178,C106,T119,SUB6,80.5
E3039,S9178,C106,T106,SUB7,63.7
E3040,S9178,C106,T101,SUB3,85.8
E3041,S9387,C105,T114,SUB5,79.7
E3042,S9387,C105,T121,SUB2,66.2
E3043,S9387,C105,T117,SUB8,51.3
E3044,S9387,C105,T125,SUB1,87.5
E3045,S9387,C105,T112,SUB3,60.7
E3046,S9193,C102,T115,SUB6,91.7
E3047,S9193,C102,T117,SUB5,71.0
E3048,S9193,C102,T113,SUB3,ninety
E3049,S9193,C102,T104,SUB4,93.6
E3050,S9193,C102,T106,SUB7,93.2
E2123,S3425,C108,T110,SUB2,80.4
E1930,S3386,C104,T123,SUB3,55.7
E860,S3172,C108,T104,SUB3,80.0
E330,S3066,C112,T107,SUB5,58.7
E2096,S3420,C106,T103,SUB7,74.3
E2538,S3508,C101,T119,SUB6,70.9
E1824,S3365,C105,T111,SUB6,67.3
E869,S3174,C102,T117,SUB5,55.1
E2734,S3547,C104,T125,SUB1,69.5
E2614,S3523,C111,T103,SUB3,80.6
E2589,S3518,C109,T103,SUB3,76.2
E746,S3150,C106,T118,SUB8,63.9
E181,S3037,C112,T109,SUB8,62.9
E1177,S3236,C105,T121,SUB2,61.4
E1647,S3330,C110,T107,SUB5,54.7
